0.0046230328151742016,1
0.0030085677636084657,1
0.081992523119944358,2
0.070437977430958795,2
0.067684915390105085,1
0.028921495989257803,1
0.070707592243520148,2
0.11209696103009414,2
0.055176701302320823,1
0.076012254468884335,2
0.048102551935521522,1
0.086613450476935139,2
0.067238029952915168,1
0.028024675493674985,1
0.099134493441232097,2
0.0098302503950768016,1
0.098517828932760662,2
0.046386432632597202,1
0.058284902738617923,2
0.033103286351367257,1
0.036178720155575446,1
0.035242706184435646,1
0.030082441449724381,1
0.031249049150548474,1
0.021432663086345161,1
0.062402137848653949,2
0.022133252927256986,1
0.0935344482773518,2
0.077192354664461629,1
0.074711206830542679,1
0.081175861567331586,2
0.013470199519709493,1
0.083235440207060751,2
0.055558979984858647,2
0.073073203290372729,2
0.15418239221510058,2
0.046568846680659866,1
0.047885011297375393,2
0.06172310163895689,1
0.050449482718619987,1
0.022974524767186848,1
0.10989241127211503,3
0.12245529322497681,2
0.02968182646329692,1
0.084067894469354768,1
0.025925544862616726,1
0.041354661184675554,1
0.080138048843888587,2
0.13076834273787288,2
0.064487890120527788,2
0.068556730691687481,2
0.023532000859999881,1
0.0079221095581323928,1
0.064688592570014303,2
0.013066827534453356,1
0.037050551962344885,1
0.14385114381246214,3
0.046700912536115448,2
0.011573717341268197,1
0.1062554769988462,1
0.029977337174173477,1
0.050309710645543827,1
0.034752176737424242,1
0.12682615664776919,2
0.046121859238800814,1
0.14281893822879529,2
0.082655911027064349,1
0.01388309009369894,1
0.057659735000228474,2
0.064183852722908108,2
0.040442225176393197,1
0.031454098350889782,1
0.10621732672933153,2
0.017459398103165769,1
0.061054936588033223,2
0.091160222106677818,2
0.080230008998978725,2
0.11024862392791371,2
0.040994534008984916,1
0.027415647991138426,1
0.043734375753411006,2
0.015379981807919267,1
0.15672934261210461,2
0.039271983548018662,1
0.020738491098196195,1
0.075529236835370994,1
0.058558431184497078,2
0.0076419469764534894,1
0.17276073181131446,2
0.064176506580577997,1
0.056723127487834958,2
0.050500193687000851,1
0.023941756929920698,1
0.024388867816590276,2
0.049230415207495326,1
0.14075687200527356,2
0.093152567196564562,2
0.033074020686074221,1
0.038200884419868776,1
0.011364614658228018,1
0.022509488465396472,1
0.066436565917228102,2
0.03631097118308562,2
0.013999300856753806,1
0.022379404417992198,1
0.035262402128706918,1
0.048530166327091298,1
0.0056867353598145532,1
0.18370128414984291,2
0.064991855372104182,2
0.0359811691262256,2
0.0019387001550804099,2
0.021583663932150943,1
0.021477022125549302,1
0.040248215683653332,2
0.174146834824111,4
0.10302849161865613,2
0.040838149375305707,1
0.050514116793737185,2
0.034939880264734907,1
0.053075492876039139,2
0.023058138420476017,1
0.039355757081706383,3
0.12834344604955392,4
0.043569605534813281,1
0.09194915778706414,2
0.072192678722273973,2
0.05295782014451874,2
0.058482837612398926,2
0.030535201907536932,2
0.057394719529761273,1
0.037176513843642511,1
0.0001150264068565723,1
0.045250755682984298,1
0.10517193988198233,2
0.066398524383751378,2
0.049075384165725287,1
0.021091072250003538,1
0.044667952538079876,1
0.039372611654205532,1
0.025112556712274029,2
0.032444254645325903,1
0.040889353314592543,1
0.010464889811134661,1
0.13243426939534583,3
0.1287572712649761,2
0.057080196041359367,2
0.016535163197813049,1
0.078241549567180574,4
0.08370096235478941,2
0.025113165123941569,1
0.085791967450657411,2
0.013325093849440171,3
0.035122250105719309,1
0.0076761895776699292,1
0.050514339127937041,1
0.09410733344667907,3
0.016121531506606526,1
0.071770596093330474,1
0.066012016091551995,1
0.037730301621960061,1
0.11276107420962711,3
0.13414922697444343,2
0.017002286237570059,1
0.070631945099168078,1
0.048315683699457969,1
0.075350302924431581,1
0.0072096431862424615,1
0.027399876371591088,1
0.019891695123570488,1
0.1309159889981043,4
0.09585107918123012,2
0.052130497838033647,2
0.14320754601068891,2
0.029571422465944103,1
0.023124791136445007,1
0.062160035800303666,2
0.075239391311508266,1
0.0032250915684431634,1
0.069049318657479347,1
0.065802624029029352,1
0.012326646027438297,1
0.022831051428352945,1
0.033121364418957182,1
0.029376976429387941,1
0.050633137196924888,2
0.072261181269972843,1
0.087658665899652141,1
0.041077078423425749,2
0.039404302727205763,2
0.090101500071366483,2
0.019919567513028241,1
0.12817840440632083,2
0.017185682072920278,1
0.011471713330229014,1
0.062790467034668326,2
0.10170499349810083,2
0.23399310532991838,2
0.1246847941535742,3
0.09119756041894525,2
0.026704950794342978,1
0.088581795016571707,2
0.050208105861927803,1
0.10598212799369433,1
0.080424367496213151,2
0.042836813508230244,1
0.12506216748664789,2
0.043606920822998253,1
0.11139390136573639,2
0.024456790376254648,2
0.11414959178407195,2
0.014426635169255965,1
0.020341529821152393,1
0.045997570712756501,1
0.06080496472930514,1
0.023167186518003272,1
0.008498740257206058,1
0.045558207141298983,1
0.031617935918927635,2
0.026825710656227766,2
0.049402469416243412,2
0.018768646336777207,1
0.028080377529858154,1
0.086135914510418451,1
0.01521832702893124,1
0.027919390500509782,2
0.0052903461697094388,1
0.030090328677996405,1
0.060356926150905862,1
0.017966374628151087,1
0.09584715586013498,2
0.043894261277816003,2
0.032647288875057648,1
0.067496221036682971,1
0.018640975868268309,1
0.017117062064772048,1
0.066588800862816031,1
0.012589350056226422,1
0.043817384594800592,1
0.22442999457345883,2
0.076742717970956317,1
0.11638099833296343,2
0.074881970790805108,1
0.066958987554577395,1
0.073595259629052126,1
0.13322094793302416,2
0.0012994991179546508,1
0.2137585840544225,2
0.070362687720855105,2
0.017515031186143951,1
0.053303972084228532,2
0.034438743239828755,1
0.0084326706127413609,1
0.026585370281709837,2
0.07043052433784204,1
0.036760538926075573,1
0.064661069471340871,1
0.043919955643381206,2
0.091197788230244256,1
0.0052017127454106688,1
0.06169244807876386,1
0.048719886479419362,1
0.090474324965317224,2
0.093003762711370369,1
0.13124233756155812,3
0.03941486132381837,1
0.0701749963624929,2
0.039855652416792078,1
0.04561266310483518,1
0.14440774898842818,2
0.006793257405500493,2
0.090680989775081905,1
0.025054029449650312,2
0.06013917413055371,2
0.068945717048606511,2
0.0823159683212219,2
0.11783572891220838,3
0.16301421360160392,2
0.072610956303801391,2
0.048480291811999199,1
0.09752836767341623,2
0.024929901051195198,1
0.07137992327935605,2
0.029350343513797512,1
0.031775155237006518,2
0.054059560013100721,1
0.014939329449867552,1
0.024399832731455042,1
0.033829318689789008,1
0.055697576511545097,2
0.036305405596914572,1
0.084676767347228468,2
0.056347065721796409,2
0.064491188714041359,3
0.026293418174192316,1
0.059157976859609836,1
0.050139549383231258,1
0.026961696325903881,2
0.059678244969002446,1
0.051777162269213382,2
0.093157410652162903,2
0.13120053606525281,2
0.038859337301208711,2
0.038186112440024463,1
0.030569703172491518,2
0.0045632445067019739,1
0.02977353415632663,1
0.03562926663666495,1
0.12369333839462947,2
0.011259033934191247,1
0.019719369784227017,1
0.083407964630821563,3
0.015001773528115471,1
0.042486001992765782,1
0.071412743292344275,2
0.0070770814806319585,1
0.031779055408086336,1
0.15816599300254414,2
0.038053767607190488,1
0.09644165227023363,3
0.041986922751725851,2
0.061363689111464705,1
0.0094087951165798406,1
0.077033728956381525,2
0.038534683186003102,1
0.038212942694853487,1
0.16604211453954809,3
0.0066713261081985976,1
0.18586087750168015,2
0.052478767353843894,1
0.065168947521819037,1
0.023624134220557976,1
0.17908495272468228,2
0.00027391101200621037,1
0.024538527263733411,1
0.06344411011557631,2
0.026518978823831585,2
0.0038708624673693096,1
0.041300969381656075,2
0.014509035146881698,1
0.048907360285156444,1
0.03250781313157193,1
0.048613539769493043,2
0.10415215507539546,3
0.02127055926694562,1
0.08751485879781376,2
0.039039074620454917,2
0.051597602331611578,2
0.023511582971401011,1
0.13089923407179396,2
0.083248101023997698,2
0.065516618494302681,3
0.10407392390780117,1
0.027713214551983813,1
0.060546046605946348,2
0.048166181758147582,1
0.02855234566203018,1
0.020879952188511734,1
0.075106806729881778,1
0.11397181707804208,4
0.08113070570945001,2
0.033150102210359911,1
0.035056725757934934,1
0.023619468847301629,1
0.044339191560158628,1
0.02029643344245222,1
0.16104015488645559,2
0.048296179928823006,3
0.13821812542625428,2
0.0048204938408272432,1
0.13420940994950412,3
0.027407422354737018,1
0.014132865965029405,1
0.01492970690218485,1
0.015864019268065837,1
0.15641297146078145,2
0.052571189849053034,1
0.016581826714779879,2
0.073764262534814037,3
0.023217441142145023,1
0.034333372165500392,1
0.0041068257111706577,1
0.052198592890564173,2
0.11887287835780909,1
0.024855177002958698,1
0.060391853686428909,2
0.042896015965129194,1
0.050048199519339948,1
0.01895248936165388,1
0.11548506483169774,2
0.049950096440161615,1
0.12432693980032304,2
0.046985732026311428,1
0.093397504238784401,2
0.072405052702192232,2
0.0012067667520318937,1
0.035121963688334215,2
0.070366461847385042,2
0.016639563817544598,1
0.14733029145313317,2
0.04546933841463114,1
0.0093657643677598577,1
0.058013077313010267,2
0.061941826531217006,1
0.052258777663976498,2
0.035754066445902649,1
0.031855509174356346,1
0.0969537698181617,1
0.044371661219696684,2
0.084339002833902513,1
0.029337991423506814,1
0.083155221083101194,2
0.037410409279006795,1
0.032762282895114916,1
0.12302027997705263,2
0.019647921835186377,2
0.029217736033115688,1
0.15921593787717295,3
0.054390456900823766,2
0.0033185329564796879,1
0.044460936024822206,1
0.0068052685996451675,1
0.18834209542789723,2
0.002608599949071136,1
0.11253877885575052,2
0.078963835371918617,2
0.032406677459914553,2
0.089457719454045709,1
0.096203048373098454,4
0.00681118632665578,1
0.040555513787445527,3
0.12100918161414045,2
0.062115651424475435,1
0.010151086223465319,1
0.017223850039976247,1
0.036968611866453643,1
0.018229250773566453,1
0.044019802309377083,2
0.022358410192002989,1
0.0091626491656060863,1
0.051843868791040443,1
0.074730481534501444,1
0.0076155394990887132,1
0.010767112345109242,1
0.028683955510633612,1
0.025349210656381512,2
0.061234604320752249,1
0.032989831821776547,1
0.084468848317896583,3
0.02184159787970966,1
0.014936419809570903,1
0.013274721707199363,1
0.069959302468866696,1
0.044578744574440651,1
0.029266335769811205,1
0.13908046338625452,2
0.15686178722551994,2
0.067511604548373849,1
0.049119292268952161,2
0.076556270268634874,2
0.020152337721438703,1
0.021692003737586035,1
0.020393308675615524,1
0.061895891990322111,1
0.023821681398052675,1
0.039546144492562142,1
0.062153061375989825,1
0.023261786449386503,1
0.033177606638624076,2
0.10903419956541038,2
0.018605375710316008,1
0.072005539412396916,1
0.02672850913690503,1
0.02320278713851421,2
0.026968653778054848,2
0.024733169379766586,1
0.071960122014981281,2
0.11946318999764063,1
0.030126794071526169,1
0.037882630195199683,1
0.038758948133009091,1
0.071148082862062437,1
0.016287071790322637,1
0.017685932971136308,1
0.01014278282070771,2
0.048965718823647003,1
0.022879730679980628,2
0.12793832110092229,2
0.060994258132601016,1
0.02651552855942817,1
0.097948718559903447,2
0.031476832774562029,1
0.080812010864032766,2
0.021774622718903146,1
0.019669942245029,1
7.7160273066966554e-05,1
0.07713899873382811,2
0.019183943434914322,1
0.091216940964351692,3
0.051550547734519683,1
0.01889304767228064,1
0.10954142082977157,2
0.025544984174930101,1
0.1121375484276332,2
0.083642716668034009,2
0.037720386013521297,1
0.063897088407808292,1
0.024520630134459032,1
0.1079703667985774,2
0.03615810341404959,2
0.032913840407154886,1
0.060164311714859836,1
0.017514689134834616,2
0.11675113590524436,2
0.031301051049925477,1
0.0039491458693563736,1
0.10844035334501309,2
0.10940310258900372,2
0.039126703963136666,1
0.096574957750538634,3
0.11504313510987572,2
0.014561476120570942,2
0.017370696891046627,1
0.04237116779280671,1
0.045370472599553062,2
0.064136448029610577,1
0.017021504870144512,1
0.056631614416545156,1
0.052694749309187702,2
0.066574918285587328,2
0.026213294860212837,1
0.13491843544610857,2
0.018491616840613539,1
0.037672244489568428,1
0.082833896674550142,1
0.074939966413991477,2
0.043652552105576371,3
0.058451818552336318,1
0.060594833818359305,1
0.080962257905454693,2
0.053851438974621489,3
0.023781466941102072,1
0.096219233829451481,2
0.092036318084122062,1
0.12383376172134723,2
0.025384159290558515,3
0.067447687690610506,1
0.079474620686287467,2
0.071269195988487299,1
0.035961112896794753,1
0.033935409784726797,2
0.04100581351733177,1
0.038018997447115691,1
0.02926006129525267,1
0.029472134852652324,1
0.072911755884900398,2
0.032899933369201079,1
0.10522106923005274,2
0.13115615651797791,2
0.073220208046145652,1
0.079755561493864771,2
0.17638503444349665,2
0.020591948009398047,1
0.028376605389438519,1
0.093900634945493111,1
0.015495607672195762,1
0.14527725859167423,2
0.089485452465010565,2
0.0035028704205342181,1
0.12625191398908517,2
0.034648074395434734,1
0.065284713913781961,3
0.088390249340650831,1
0.068458973011497531,2
0.032658921703326134,1
0.13271225325842612,2
0.11527684726277194,2
0.032725272430853942,2
0.040016089554760902,1
0.049023168698257256,2
0.022668257667487587,1
0.066390428676704277,1
0.086922357559781158,2
0.067252492310665754,2
0.12371537676707131,3
0.017500061486300764,1
0.052118142032543918,2
0.080978178959262098,2
0.060316141213640088,2
0.074703228579225053,2
0.12041061929999908,2
0.015014283037602428,1
0.034126128139868636,1
0.05613503871805374,2
0.077338149835457601,2
0.083457599388724296,2
0.067292088905401004,1
0.056295841766726154,1
0.15041144504293508,2
0.07684248597905885,1
0.023553869123437696,2
0.020327128636596487,1
0.035947064488446576,1
0.0457622267094379,1
0.10146510988633343,3
0.077752513144981383,1
0.12527677729615447,2
0.025759230941453218,2
0.0081245734153771836,1
0.040405828192866845,1
0.061493513034596478,1
0.0036806760465200152,1
0.019354223054796442,1
0.018796141191391721,1
0.029857806504555866,2
0.046904937223952087,2
0.052602357772524234,1
0.083682833318628955,2
0.067974442964644069,2
0.013556615329481653,1
0.017073883950706473,1
0.057086662456773699,2
0.013234494227017154,1
0.025822837481703456,1
0.13169695424284958,1
0.019740641311188172,2
0.09290120591411144,2
0.018629095428766243,1
0.060558475818281936,2
0.1196049308230462,2
0.02363420959746753,1
0.045030029807183118,1
0.0068582413268341337,1
0.053763887031008595,1
0.070761686749580915,3
0.10961090041930885,3
0.039586415697649535,1
0.059101448460195563,4
0.02924441661940053,1
0.016245446940536944,2
0.036823887728645366,2
0.040338478193922819,1
0.063194127753074522,1
0.047265709836205129,1
0.0077509180952333168,1
0.085820696053001966,1
0.036469313303008802,1
0.043277310981475019,2
0.08949335880408596,2
0.045258980710272845,1
0.050769375661100846,3
0.022153905086053444,2
0.062838737266570771,1
0.015962011996485795,1
0.01714484324641893,1
0.022206032585805599,1
0.13171030264723549,2
0.027259019071591582,1
0.074867862673842461,2
0.095974714854021537,2
0.095112078071398057,2
0.03068108597605114,1
0.032455780847246485,2
0.0025069147112226292,2
0.019422248172826173,1
0.0094618317146209704,1
0.099673134291773338,1
0.1124154488121827,2
0.012700194907058213,1
0.11631587609125431,2
0.014495682051485834,1
0.099996331757180978,1
0.10463928549195348,2
0.014140382569509644,1
0.10261359942810722,1
0.043584659665326625,3
0.026623610880216215,1
0.072012518464502198,1
0.072592202721608781,1
0.088002208401541257,2
0.026859046968619432,1
0.016278500193024258,3
0.065302508700505218,2
0.08586764050029945,2
0.0491357483237818,1
0.10266259631771162,2
0.034383069179025047,1
0.043412949622050605,1
0.010419355042279022,1
0.069618945713720917,1
0.1116787267592796,2
0.037892703000908058,2
0.15246216525815831,2
0.031823304332185977,1
0.064966996219979853,1
0.072288671031459875,3
0.1063949143895551,2
0.04357620053006319,3
0.040228162112412154,1
0.091252241976658002,1
0.10811990363082616,2
0.030057270962431052,1
0.094824489256261454,1
0.0073250317681386387,1
0.11973306197262779,2
0.0941298676841483,3
0.027275572434127,2
0.0051793128363830532,1
0.083238152809261001,2
0.07650875246683754,2
0.11438960215566767,2
0.026132017039311395,1
0.11061444714942605,2
0.017366003330968813,1
0.033557353440764583,2
0.012597707654275116,2
0.011506181677967756,1
0.018941111418928638,1
0.034336800861415016,1
0.022345279704739058,1
0.017154872544641504,2
0.038784343366093085,1
0.039757262068488126,1
0.11552708104241452,3
0.060448270207143599,1
0.019214133925630462,1
0.034513958164055815,1
0.067847117030966658,2
0.028649116164581712,1
0.11702660064553513,2
0.0073876922610923946,1
0.014677255227139151,1
0.070890399024538503,2
0.01477865215337759,2
0.079882864237840009,2
0.11953660190126583,2
0.070769351841362155,1
0.015493159704895889,2
0.030984557920809442,1
0.041305306094415094,1
0.090282343596328904,1
0.084174057312958447,2
0.015004847797445889,1
0.0099599865635220108,1
0.065800713807337347,1
0.048673100497499039,1
0.047328353197612305,2
0.035423799664569967,1
0.0070937426396417138,1
0.035601898452561287,2
0.089755865251660974,1
0.021069844132097941,1
0.064226578945704757,1
0.088917952407682702,1
0.041102050944110763,1
0.017675795011231635,1
0.037219853378580602,3
0.050778759768526506,1
0.0079545774596907638,1
0.06760163779522628,2
0.033379995866653876,1
0.006350614736243901,1
0.052833208937146693,2
0.081106098555479622,1
0.10301801333062088,2
0.049538672139686872,1
0.081004903631099509,2
0.029446456265018017,1
0.050993537181461393,1
0.016465508402817193,1
0.0078254054897355929,1
0.036783924734297591,1
0.0628486072290729,2
0.088616421973036499,2
0.015273108098761855,1
0.0268872469156889,1
0.031480974999941375,1
0.039435067394523224,1
0.13441378365841339,2
0.0031973419189888445,1
0.15625555341797728,2
0.042214993160603738,1
0.062121009766736256,1
0.050230651926968593,2
0.038235695684149196,1
0.095419909614514201,2
0.073333342564670306,2
0.062585675527197543,2
0.082605762294686261,2
0.032923392006851675,1
0.063792171913021889,2
0.046093042413392196,1
0.0069674700047519756,1
0.054750704727306247,1
0.01884787899627326,1
0.054656348854808551,2
0.024661806581025989,1
0.080991533742439142,1
0.059610713152394364,1
0.021857851354866724,2
0.057453194102807255,1
0.012620496196543171,1
0.085017695765953846,1
0.047389830124033902,1
0.02379814847178896,1
0.0041983116739554649,1
0.049224387231775808,2
0.069487366949617241,2
0.06022069938347567,1
0.047078078455888621,1
0.0040883109212323078,1
0.0579787695224682,2
0.0025213791650900126,1
0.0043149077202523888,1
0.092635029478481068,1
0.042464822379048826,1
0.01485329567896391,1
0.044295321491077622,2
0.015602151624884427,2
0.06490593781611613,2
0.0035648543382102598,1
0.045415947490841352,2
0.0061849842460596459,1
0.090099616106686736,2
0.082080754247292054,1
0.040636188806578523,1
0.037177615725733366,1
0.009612319641354037,1
0.15971021869200977,3
0.14348593355427119,2
0.10497113373569249,2
0.022693070382626235,2
0.027612590000347156,1
0.042240892679499972,1
0.092310582605684158,1
0.043864262735789875,2
0.026033009058389536,1
0.052097480145997958,1
0.03701709490932089,1
0.085740001312645545,1
0.046709468696208414,2
0.10291887959173796,2
0.10213851881203684,2
0.033780286988693689,2
0.022926470895549951,1
0.14381579880820747,2
0.0083785325595282008,1
0.011176148719491149,2
0.020465522087569573,1
0.070503303774795023,1
0.02066455351495923,1
0.051557902371195334,1
0.11586986595666882,2
0.033949911856068118,1
0.10302085569521897,2
0.036399831859938434,1
0.067720987712385994,2
0.027164242313406656,1
0.0092378681708570817,1
0.033646939255447796,1
0.094992955673921936,2
0.02405078230206812,1
0.0099792305045319513,1
0.045834475738532193,1
0.030565906394005887,1
0.049145307632583235,1
0.052825000908083779,1
0.099207613230409011,1
0.03646911318438157,2
0.088835820605170118,2
0.00064871613031682745,1
0.054472104260782979,2
0.019093670164993824,1
0.011322425761312758,1
0.18383835958032907,3
0.028041083685992445,1
0.038074316091236161,1
0.03221195574275406,2
0.044223068487860277,2
0.010651874535714617,1
0.0022490404856654015,1
0.059618862057551895,1
0.076760295696576636,2
0.051977588884393203,1
0.054296549146090986,1
0.097379170988418987,2
0.060806062714062893,1
0.00904984441572073,1
0.033711009373876652,1
0.034740229301214155,1
0.03750863172298833,1
0.016676526060177724,1
0.011932371117465227,1
0.0080626624745282673,1
0.0055865477732204537,1
0.1124273542910026,2
0.060264049598025976,2
0.016453527453597905,1
0.074016751256666874,2
0.014313333663265206,1
0.049988428944257104,1
0.050446466386026394,1
0.0107814071053318,2
0.13673482927460162,2
0.021806726058073055,1
0.028687610833860323,1
0.020852195993678501,1
0.0039842970207626645,1
0.032519915652937353,1
0.034418209206398979,1
0.11156970252664065,2
0.031741076288471379,1
0.085097548192043779,2
0.019731568815695277,1
0.088333934141715725,2
0.014935636681679049,1
0.06988687996985149,2
0.087857918986333217,2
0.025475574201125329,1
0.0085927086958357719,1
0.0093169251260925671,1
0.079875663930985996,2
0.083677817440912489,2
0.049878062113939033,1
0.030195616287668845,1
0.017778148528512065,1
0.081094431504066644,3
0.024334919234216167,2
0.045030747856163733,1
0.014859402846575958,1
0.0084166992735756861,1
0.010576941851530115,1
0.0048688959404012385,1
0.018425069295796001,1
0.088504319382438676,2
0.020933602042502213,1
0.0054152341060842652,1
0.057231667450928586,2
0.055032659028910982,1
0.17145677696125702,2
0.075856737127716289,2
0.04990283249970677,2
0.039338802641714903,1
0.097939115767462059,2
0.056079321288354182,1
0.024318209000489512,3
9.363365945757236e-05,1
0.041777928207213502,1
0.013773752798922434,1
0.0069708949505443724,1
0.098666621182023309,2
0.055925152908114131,2
0.041867863634418065,1
0.073112495894716953,1
0.019663243627610433,1
0.019377202289522638,1
0.001468282514332407,1
0.024287024450063321,1
0.08195131484288222,2
0.013221113365738007,1
0.063721868003157767,1
0.033056351873690798,1
0.048766441741503068,2
0.064220446616477148,2
0.042335548949328082,2
0.047139355133812968,1
0.017361478927305812,1
0.13475460345213006,2
0.057607817084234021,1
0.050736750738287976,3
0.028268384243766091,1
0.0096498471574012271,1
0.057589670166822891,2
0.034030139117577171,1
0.072162841032359315,2
0.096698558284597516,2
0.015000615854309679,2
0.073021960904766592,1
0.045565315809538251,1
0.085690630776181734,1
0.0028696001807998663,1
0.050432380090706164,1
0.02873270202452061,1
0.066177610804491638,1
0.0096073296981036213,1
0.072120808782667703,1
0.046116911729278107,2
0.032290916764779742,1
0.047178129272810489,1
0.012889961953240815,1
0.015752213681077484,1
0.05706133650588812,1
0.077877176341648577,2
0.034109536864543634,2
0.052121211950937933,2
0.0023129949012117524,1
0.094613670766933514,1
0.077458480647952355,3
0.090964730259033857,2
0.015528331142247257,1
0.024084460138516079,1
0.11823099291718078,2
0.026681870452173052,1
0.064133485902187676,1
0.017560592713929377,1
0.050906875421645771,2
0.053289477450389026,2
0.078579921619250093,2
0.012898904772200025,2
0.04222003703751883,1
0.0050082989230916912,1
0.087389083047325219,1
0.011438952626520331,1
0.13776632604849501,2
0.0055633889327147499,1
0.025844917022446835,1
0.047676975877508215,1
0.02857401524365286,1
0.041846917487972861,1
0.07845411267371856,2
0.01404863160530858,1
0.062752665805735131,1
0.04160748647939147,1
0.014845054225138625,1
0.054502838271537395,1
0.013211929779895295,1
0.045674899448967562,3
0.015387942027181497,2
0.21888561506949861,4
0.041065732267826179,3
0.020265955734602565,1
0.028481113640519751,2
0.12571857736708336,3
0.031685860496891025,1
0.0024731882044909032,1
0.1084278346709461,2
0.10749773174490759,2
0.048681065331378497,2
0.017376436203758155,1
0.10730582043130851,2
0.032486826115010227,2
0.049577975811141817,1
0.053125103929001258,2
0.059645747618451136,1
0.10439176414217967,1
0.057653681038638972,2
0.02648356360312246,1
0.021004786180071476,2
0.049448427671221387,1
0.033880702209451975,1
0.015635677773927825,1
0.054209494653837946,1
0.079269771427131874,1
0.087975156407426702,3
0.024638097037642158,1
0.10208629155759681,2
0.10838409774755495,2
0.035929519060913649,1
0.0038389661909369781,1
0.047461600665787938,1
0.0032179487939361655,1
0.16461605396633147,2
0.043175446618351696,2
0.036566708002307068,1
0.067684760880025591,1
0.079925277985340104,3
0.0096381905554274849,2
0.053225323648984649,1
0.02453807651871957,3
0.035066240519541311,2
0.030058017550586166,1
0.0073444041010448389,1
0.039376310955372383,2
0.033177198733770889,1
0.028577076366592166,2
0.059016439814019765,1
0.096098336580523566,3
0.1001992465248378,2
0.024003454654480991,2
0.080623591275374912,1
0.013441302093962668,2
0.047032737059285595,2
0.026062406827064621,1
0.037231652952827467,1
0.0047909796891644849,1
0.039016970048534133,1
0.082177739980718117,2
0.012012640216681317,1
0.020141820208398265,1
0.036081521556163426,1
0.0031880377616512658,1
0.012159768222934826,1
0.046684681436466736,1
0.026783330489096348,1
0.043704318028504878,1
0.11097999118522159,2
0.050548497924243853,1
0.019130017723842232,3
0.011174938518874564,1
0.019116012753001468,1
0.06985193303286602,2
0.029239817757676447,1
0.046040386883126616,1
0.11351272399253928,2
0.054512478752692023,1
0.080488341406060246,3
0.014703994546740028,1
0.13465345418716701,2
0.064856920812780383,2
0.15366825391391303,2
0.10886369823804806,2
0.078977431886891838,2
0.058192464924691198,2
0.051453442769985508,1
0.05011198118447819,1
0.023797505170898379,1
0.083115510173281004,1
0.020467445106799508,2
0.081247854796015345,2
0.0067438848165887483,1
0.034535992475416492,1
0.034913921459972949,1
0.0076260208774134083,1
0.025131511417630127,1
0.047644283190139983,1
0.090241412990596334,2
0.020989856140722619,1
0.10636675564983225,2
0.017550510106894863,2
0.048926040039560741,2
0.042319399434912162,2
0.027616080072667443,1
0.04541496571479376,1
0.03979720487513725,1
0.038283865828970941,1
0.060562565857305656,1
0.0021707730141768636,2
0.12307921357799417,2
0.012572593346981371,1
0.078112880556207132,4
0.020676289770270976,1
0.04093773693218726,1
0.0095064464276003111,1
0.023439753028855394,3
0.034821186880003276,1
0.0056070446862593196,1
0.067634990639775946,1
0.091421207509221517,2
0.042107030739990572,2
0.14800725086135841,2
0.060896469751644228,2
0.041386687038826489,1
0.10000498729024332,2
0.042039816485582526,1
0.054875865890310134,2
0.028011663260748429,2
0.11079471554945775,2
0.038350118149660058,1
0.030982253795366975,1
0.061577932442119294,2
0.0070713016018785525,1
0.021396560582988913,1
0.067160422842188913,3
0.095193168068055833,2
0.053778770243282648,2
0.029779281626586562,1
0.069779058282808198,2
0.018992926301504866,2
0.085890846616629768,2
0.12680561657115255,2
0.081567140628444987,2
0.019048507441873655,1
0.028367268940266897,2
0.023355969837073595,1
0.0085538304036176186,1
0.033438707361087304,2
0.033717954618428837,1
0.0052444837211907411,1
0.049503916631452628,1
0.025500322884777642,1
0.019996312806792975,2
0.11604218195993156,3
0.038178768614412356,1
0.067113698391339155,2
0.079875862777429668,3
0.069902078680756069,2
0.052918666849239702,2
0.011090541199855156,1
0.050755817364622091,1
0.046862561640766354,1
0.043268577411245311,1
0.012742782669951594,1
0.029852105117615796,1
0.071401329107350447,2
0.071347247453519516,3
0.031680374970559096,1
0.065099613905544015,2
0.14599046906276147,3
0.051750742898616364,1
0.081374552674630882,2
0.079303242761778622,3
0.11262715165691978,2
0.045810375038458619,1
0.011684418303952825,1
0.020051070833874276,1
0.10686477709962014,2
0.075538597017737907,2
0.040512238079668111,1
0.068666583356812735,2
0.12647157718740054,2
0.090957738282432213,1
0.084558455722320611,1
0.12874465834048066,2
0.15278257382143162,2
0.023054858308667027,1
0.11858587613838045,1
0.027723522530679282,1
0.019991639160901607,1
0.12484365619439135,2
0.074368951072522144,3
0.031695823462432667,1
0.04851836854000275,1
0.043971390823625604,2
0.042304034607704974,3
0.056075887091654536,1
0.036019206362624484,2
0.016612342005984656,1
0.078016614563778466,2
0.044175202665627945,2
0.035487647781623471,1
0.089970899183389616,1
0.041969270990245292,1
0.047849122594773807,2
0.02623332949757572,1
0.090476040452298248,1
0.0170576221253242,1
0.095370767653550362,2
0.004395311116412573,1
0.012891273047825358,1
0.006273360023377585,1
0.004503873365676884,2
0.065784388201526309,1
0.0078051911857961679,1
0.054693585493700993,1
0.039731307708627268,1
0.046721246910659799,1
0.066555565195960537,1
0.082691685910004933,2
0.043978439764678433,2
0.020592269956582865,1
0.094491506204883793,1
0.028638094482181103,1
0.10991785249605351,2
0.082351397890694594,2
0.061608188260728176,2
0.049336130031320674,1
0.087238903075746263,1
0.16270289147088948,2
0.019001336286559308,1
0.0088533879292147163,1
0.09593546461036763,2
0.013747670426787437,1
0.012126160431510052,1
0.028529174806315543,1
0.013209286354854638,1
0.017069693850054645,2
0.031494902017578277,2
0.008338908224772075,1
0.080207698318743526,2
0.029456612225457427,1
0.012925989146789744,1
0.049383663843657895,1
0.056333973852695229,1
0.11256017904921992,2
0.058541903084281859,2
0.049413014562073025,2
0.072151207244886231,1
0.049736385519763941,1
0.0095246077516885075,2
0.062298854564088908,1
0.03401839280346261,1
0.054785111359033828,1
0.017654621231530929,1
0.00087425465076603523,1
0.047509206183228056,2
0.010924118802519341,1
0.0081949017739582145,1
0.047301448535440951,1
0.13314682610857625,3
0.028539808247539371,1
0.048034403104031898,1
0.038701274895941509,2
0.018127090205462163,1
0.062366926888984965,2
0.076282417272220016,2
0.0071703263671475071,1
0.11621449585622237,2
0.083649173245720132,1
0.10390374507533687,1
0.036907223568981927,1
0.11534380102821953,2
0.050956184849708118,1
0.03229549340392094,1
0.012176601797798375,1
0.042279188211796527,1
0.098438569032037779,2
0.077241244718263893,1
0.10718650000721744,2
0.01134883737469271,1
0.11433022483231878,1
0.0040955448303644859,1
0.096441644950320704,2
0.041961052813543939,1
0.0032593933054957439,1
0.031816112241981734,2
0.029616509347522517,2
0.0092222365253070288,1
0.10657937203825849,2
0.050741995509439454,2
0.021408373494918791,1
0.043440365894822412,1
0.0096518697931371623,1
0.042624534491781135,1
0.04503872623273255,1
0.036136230810611007,1
0.063932834576849396,2
0.047450165457040075,1
0.034322948747021,1
0.032325190482642006,1
0.11783642457400108,2
0.055708063980585421,1
0.03262668771496325,2
0.076116550467196439,1
0.025753275263071151,1
0.069384967478503048,2
0.090155615632218161,2
0.05559149130783108,2
0.031162734628681275,1
0.10075404245125784,2
0.033185430545129284,1
0.038451654004290119,1
0.11541344875801333,2
0.097290105334724958,1
0.099383291375561858,2
0.11959600734062517,2
0.025960893337472694,1
0.026509257749405064,1
0.091965830807807555,2
0.023529249568550674,2
0.089127832509836358,2
0.045431738067454548,1
0.016618214330728874,1
0.016994862293065044,1
0.017627637432485979,1
0.016104930106732768,1
0.032224839342989052,2
0.034361077104551267,2
0.014631029237777832,1
0.055881115343080316,2
0.014180351651473815,1
0.10791010183660338,2
0.020283156994636679,2
0.077558214084008967,1
0.031506298052551535,1
0.12241840212087865,2
0.064407588219923942,2
0.084435282091061145,1
0.1827051067607264,2
0.10129222269459394,3
0.014147563426579163,1
0.11062450313968025,1
0.051400417144075589,2
0.092803826212182833,2
0.028209982873418239,1
0.029890623095496598,1
0.039890798506864653,1
0.03626673863653964,1
0.020042297213441237,1
0.049428273087745229,2
0.029778283779059968,1
0.087628597300926148,2
0.058525897974764575,1
0.019557497338402098,1
0.095185510380507099,1
0.055500100616602099,2
0.029340958658948792,1
0.04167895898538005,1
0.035013902383971292,1
0.02509536330418722,2
0.089495942331715386,2
0.066143763242951986,1
0.033349772524656388,1
0.066058826563076892,1
0.10038462829855248,2
0.017016022437536391,1
0.0002127945770615158,1
0.028536077911482854,3
0.022917492511185227,1
0.027407064607244895,1
0.016801653276626468,1
0.031121137060318247,1
0.047040219398400945,2
0.059463170966395931,1
0.013235375299875445,1
0.040591999379456629,1
0.035635576169803299,1
0.044298090982959205,1
0.082407606012764617,2
0.036543853014743374,1
0.00048271119848875991,1
0.050831177963042984,2
0.047661936554622503,2
0.052893387911623305,2
0.047741366099638881,1
0.06274988954076352,1
0.02861291855224838,1
0.048291370852341184,1
0.0070241578729195514,1
0.11539952178407678,2
0.039426922220272199,1
0.042083236069881381,1
0.21708527922931709,2
0.10420674383504049,2
0.040750516120982017,1
0.030725627555935518,1
0.16565793284493915,1
0.025078565156787844,1
0.0059977333599993731,1
0.07737551028336237,2
0.063850344655718122,2
0.021675963223976875,3
0.062056213377423904,2
0.027564868963254715,2
0.0077459077507624364,1
0.03640454310642631,1
0.10403552002451416,2
0.034910898285885832,1
0.027483683634519303,1
0.099573061457785911,2
0.034608099008812322,1
0.073453165927280961,1
0.091806131533670926,2
0.044174859032379866,1
0.016407924163785656,2
0.022889297992570581,1
0.00054870994055890624,1
0.030146673011862864,1
0.012435835612133227,1
0.012270608936282951,1
0.022031252590119656,2
0.047881536964674697,1
0.12959278920347933,2
0.03809308869666584,1
0.038952125327489373,1
0.014832455692452584,1
0.025082720983056105,2
0.093407655280451848,2
0.010077443397943751,1
0.053571628860482848,2
0.054019014688437825,1
0.0033670666852699985,1
0.0051737030140483423,1
0.031380204444665549,1
0.052126034616982078,1
0.073533713510219881,1
0.016688407823202054,1
0.031447845558448623,1
0.028248041649923023,1
0.053536262234998695,2
0.067988413659207589,1
0.068295495445788293,2
0.028371757803977146,1
0.050383547367857044,1
0.0073294571570142663,1
0.087122932974810538,2
0.013212749861984258,1
0.021549513702804557,1
0.070225800172759492,2
0.040656465203831156,1
0.039193907495722054,2
0.076081370154749681,1
0.070309691647289216,2
0.084864450397102359,2
0.15774033892599346,2
0.064262378646072274,2
0.047133434817676997,1
0.095867433235730756,2
0.05538634325719409,2
0.04961381522912546,1
0.012763516872351586,1
0.026092381566309449,2
0.056788681749580114,3
0.051835167340978414,1
0.083808008372515203,2
0.016535303420383188,1
0.095479286013504902,2
0.0057281680209873599,1
0.018479170057070692,1
0.033195785740197679,2
0.10439709670616003,2
0.020604086257023126,2
0.047058363305122849,1
0.059789609511525531,1
0.1094872031082694,3
0.0079663109305131465,1
0.010962260174774714,1
0.058702417877231003,2
0.01667323733071201,1
0.0071765535483889233,1
0.015353784029655402,2
0.044504253535727477,1
0.13791203917580225,2
0.0067677057087114018,3
0.012906757537099035,1
0.076631738611262226,2
0.037015452161440289,1
0.02632526799295741,1
0.028909325342323395,1
0.022147480114581196,1
0.11005960980882479,2
0.090167887671524699,2
0.010777317843575881,1
0.027210573279379327,1
0.080290270111140927,2
0.13771107869754295,2
0.0078506605182027348,1
0.078860457358590083,3
0.079607394003543011,2
0.047415462534844889,1
0.0091058763925368422,1
0.028090074647891424,1
0.025234286393884739,2
0.069018777288594998,1
0.081655511541793666,3
0.05138509421144153,1
0.026761263300971175,1
0.18598056165680102,3
0.043397007577355838,1
0.014113216155759948,1
0.015921872111965624,2
0.067457721883220495,2
0.038796978849994286,1
0.030651077717602618,2
0.11175076266546777,2
0.15598898882838128,3
0.086026435860442771,2
0.056079622619892994,3
0.097865071516213875,2
0.059187246906774016,2
0.030368354867394101,1
0.13678687835466971,2
0.01974072029966524,1
0.071229115230128898,1
0.028358442211661939,1
0.090425631600479908,2
0.12476067458104867,2
0.096127604387280977,2
0.035104539532228807,1
0.022608268369106958,2
0.078072806847716711,2
0.022248232077907586,1
0.11340169528537228,2
0.024435355596920002,1
0.0096228234417162321,1
0.014860469181773901,1
0.054220041988755636,2
0.070501853654240679,2
0.013589740831454316,1
0.075716771077010955,1
0.035552827618454984,1
0.042193837274490241,1
0.03129178033643442,1
0.034649722198215251,1
0.022711490230316891,2
0.04257267787924298,1
0.12457387293697632,2
0.034925217702659897,1
0.038597296382294061,2
0.016688732799123879,2
0.025922664752701632,1
0.14213729326323557,2
0.00279529670025357,2
0.0078110046206387581,1
0.010406520807420194,2
0.10502743964750531,2
0.041426765809403597,1
0.13795344607206683,2
0.038703483546935466,2
0.054335801686844709,2
0.13085665250175055,2
0.035011222105178277,1
0.030254932073544301,1
0.016497581008488148,1
0.14680102942605414,2
0.025717594859305887,1
0.013717859626973174,1
0.039469092628209176,2
0.012433440443041141,1
0.0087053501080893939,1
0.015166881104791105,1
0.034434218120026179,1
0.031725191129103991,2
0.035748976457080126,1
0.10657871777254443,2
0.084096177690277413,1
0.12331893314471529,2
0.039005856654247127,2
0.026721385784924227,1
0.016695024241631353,1
0.059423404583154808,1
0.030403265900066572,1
0.021942373446811009,1
0.048468510756369335,1
0.068253813991499421,1
0.021904126154486007,1
0.13284807239167923,2
0.063987086692009434,2
0.0025038946726664308,1
0.036176574190191255,2
0.079027349350330817,2
0.038420355953636728,1
0.10556879348228368,2
0.013888600504053309,3
0.052872177260670984,1
0.026536243203509214,1
0.040498013128576413,2
0.06297408133881649,1
0.043252386367073459,1
0.044359015704416978,1
0.10059719864484842,1
0.068178355005268546,1
0.038284225038239743,1
0.065149878085323062,1
0.044160288755523983,1
0.0056978510767539802,1
0.12682996797615767,2
0.070769670423127484,1
0.14092514033243189,2
0.01871292464315355,1
0.037914367409223645,3
0.054482167752656123,2
0.054919499325035939,1
0.010731894259519986,1
0.029009635241375117,1
0.022997368603615138,1
0.15777105744892,2
0.15776322952745089,2
0.032033409544224151,2
0.036667069611061497,1
0.082069408952012313,2
0.020379146221709492,1
0.0098114255097620055,1
0.037732117233767057,3
0.012663846655560376,1
0.045263245422954235,2
0.054845402166872545,2
0.053558520664854933,1
0.088205317039154893,2
0.098415338356280038,1
0.029354580544405554,1
0.023320626868725658,1
0.089489591689428202,1
0.033930009937661015,1
0.03931528921155019,1
0.14396707860077468,2
0.02747125448324007,1
0.089303647297956673,1
0.078684252015626621,1
0.06611183394018727,2
0.046812709364825192,1
0.0028389097334826476,1
0.018522957817523424,1
0.0082250001325943779,1
0.041253502052661838,1
0.095524526638026075,1
0.063091029936741441,2
0.086507607600438088,2
0.14903801657448218,3
0.028888921553499296,1
0.033680873844460751,1
0.011500371583232619,1
0.031045994029468671,1
0.052807248592486609,1
0.10938321328239035,3
0.06524933420496111,2
0.032117715683295411,1
0.076441636696736592,2
0.078724242193705787,2
0.04065188856430281,1
0.045712325559999434,1
0.06236349879986184,2
0.0054094326274402391,1
0.055828062598798189,1
0.036132931215726999,1
0.0094675522706349421,1
0.067956046486474964,2
0.097355427690701851,2
0.028422820224873684,2
0.010826884072998658,1
0.017615610634421502,1
0.015039775932360314,1
0.023492309951606935,2
0.099081203949798927,2
0.042361611780729329,1
0.031314232546693278,1
0.05925884899641904,2
0.038375249861327156,1
0.0077838808862879458,1
0.018969342865953368,1
0.030347468347826111,1
0.081681174378143179,1
0.0071912927946877515,1
0.1779081721723357,2
0.018176191199155339,1
0.096864925036909133,2
0.067933037678422334,3
0.014052959091800005,1
0.046243940640250419,1
0.071554441529963472,1
0.030584046419464977,1
0.11728786445420998,2
0.021949736801471855,1
0.091469611267757642,1
0.0055557072771192781,1
0.11913681495223584,2
0.01477091990199314,1
0.027380068492855958,1
0.022696026755859997,1
0.061257476121368878,2
0.00098578262990978421,1
0.01040566246578124,1
0.06542239201956189,1
0.14112076973280538,2
0.063490892332686802,1
0.023723205877163599,1
0.060534698346172075,1
0.063798491347798122,2
0.020259596522257228,1
0.047722377941277455,1
0.0080645035751671177,1
0.11373095297079347,1
0.1005228714537531,2
0.12567781571205891,2
0.016145775552322328,1
0.060155064530550834,1
0.0041912104183655426,1
0.044485977188391965,1
0.024854533204331297,1
0.012031112028330274,1
0.035585584407823667,1
0.030148107709082599,1
0.070015832200631928,1
0.028145417787868915,1
0.032500384443002017,1
0.017426457194055795,1
0.078058684129928418,1
0.053617208191285522,1
0.00101934244314432,1
0.074606553793214583,1
0.055315818536948225,2
0.0093932512624034098,1
0.076537887298667798,1
0.086124977735816038,2
0.043306702780937407,2
0.026469673825008151,1
0.045584993976654317,2
0.034121539129299827,2
0.025578792665809383,1
0.07481983523420048,2
0.042088746397204183,2
0.12804754373627292,3
0.088401706890930007,2
0.0042027550180020797,1
0.029027996286380857,1
0.053676536657352503,3
0.017392872460609214,1
0.065582656018654206,1
0.020315973055227081,1
0.046547142254428735,1
0.03329546597966121,1
0.083497515913720274,2
0.073040790319278667,3
0.081492392539777525,2
0.017161357882043517,1
0.077239878625253403,3
0.13899550163892854,3
0.046047171432330933,1
0.047683102095247148,1
0.071053019331599104,1
0.069741415970086443,2
0.0064221444571868893,1
0.023192894353851395,2
0.0071245189934801721,1
0.075763901131281897,1
0.099256856671085414,1
0.060423371818428398,2
0.04827972902411154,2
0.079847173405289879,2
0.05578563638838234,1
0.020461584394257361,1
0.054017634419913314,1
0.021753445808810314,1
0.023773145649519701,1
0.094361590087687394,2
0.014320159813551732,1
0.042569083436841397,1
0.0049470145071800892,1
0.050863260855458128,2
0.026811539320627794,2
0.13371748280623197,1
0.019635219361957397,2
0.12236706802966124,3
0.10832849112590995,2
0.13502109131948958,2
0.0066005717536505538,1
0.0056967190640265395,1
0.0032652369578954846,2
0.026803491496243836,2
0.026059988076587437,1
0.040571792797126652,1
0.011704792905196229,1
0.030049195481441606,1
0.02677070387005576,1
0.045314709949343494,1
0.06605683426680975,2
0.073870226418803211,2
0.032081103603125327,1
0.061711290077306968,1
0.044362002757016419,2
0.054939438825532178,1
0.050955350093749484,1
0.065263212523881994,1
0.14018292470180638,2
0.092207492819454631,2
0.014486385798198199,2
0.018410120768660766,1
0.0014137276536151449,1
0.090924937808099127,2
0.016368126934756432,1
0.04044016560938922,2
0.031317545263877505,1
0.11348971816451693,2
0.025808377437025031,2
0.052303666816774577,2
0.069000322977536305,2
0.013250700827611026,1
0.040230116095917132,1
0.17865958086158706,2
0.022185103642037927,1
0.093252878098238651,1
0.00079471264184939052,1
0.028759467472913369,1
0.13463151403278051,2
0.12257909505680377,2
0.014820315439792371,1
0.020611266652073454,1
0.018480689548992818,1
0.16294598225772497,2
0.067479410731195663,1
0.039797297367850253,1
0.059500752134420333,3
0.025947850973451207,1
0.052853983565179646,2
0.01305986921008259,1
0.077089403167054094,3
0.062409365014081605,1
0.077238570460275935,2
0.048717153970283512,1
0.01115756013620837,1
0.099656994571451801,2
0.043620578081906211,1
0.048362262310012893,1
0.042893218926482533,1
0.066954208463810866,1
0.026185271985933921,1
0.028239144206181184,1
0.078931638578560406,2
0.0067202377722176479,1
0.033088673027967905,1
0.074963654469636293,3
0.011139280092066479,2
0.050873138507671757,1
0.049651217787277865,1
0.018544863114604741,3
0.072475399099481586,1
0.10001838369869542,2
0.025438117382860063,1
0.064185178116505023,1
0.036535943565492474,1
0.075315862310039075,1
0.052812575424032844,1
0.017343395395059306,2
0.027046454478877009,1
0.0086097279368327496,1
0.086267096612719071,2
0.071126529031130092,1
0.025863719454060987,1
0.02228884958487188,2
0.06877026084196175,2
0.0041630829592075261,3
0.031374273581336647,1
0.038611286960095581,2
0.026397179500324594,1
0.031860560877472237,1
0.064076744345866882,2
0.029090643219946116,1
0.093399346551594167,1
0.028324877072059291,1
0.081611419842526567,2
0.18325566863318113,1
0.043834717468055479,1
0.0014047445046827362,1
0.10841897335476938,2
0.036505323703096754,1
0.0089173905555010331,1
0.046188138380508975,1
0.084750921292233342,2
0.064170228774707738,2
0.012516380133350609,1
0.074723983408664277,2
0.059683125595550827,2
0.027000839689291355,1
0.083078188536831021,2
0.016802041071382369,1
0.03373689456455263,2
0.15742397253947615,2
0.048921574575056859,2
0.031330049981828416,1
0.042389047819754479,3
0.06242151193926624,1
0.01669889581844955,1
0.12040779653186584,2
0.051036984254772877,1
0.082889114744052139,1
0.15018005786690958,2
0.017931918458934427,1
0.061192711638883929,1
0.057279856555681068,1
0.076499675271622658,2
0.038204434250398212,1
0.057184736789745678,2
0.10995838826086389,2
0.02844669576600263,1
0.092486879129278388,1
0.013219826537415215,1
0.014474792016045785,1
0.01177183366629735,1
0.039361290657121698,2
0.028291709147850341,1
0.10286757480016841,2
0.0034859308824551406,1
0.032869676441890781,1
0.004113791183032239,1
0.04646733487755389,2
0.16631811553477993,3
0.044790854902962134,2
0.058469352273805467,1
0.022887158635219517,1
0.011731273906936172,1
0.019557326895969316,1
0.050156381598408122,2
0.042068137221669737,2
0.024183395089416599,1
0.102795559453952,2
0.063525822520243622,1
0.04839664819222355,1
0.032227309898038611,2
0.02528366864065841,1
0.032963790879129311,2
0.069333480459502772,2
0.041146366745214269,2
0.034200683906397439,2
0.08378967302309985,2
0.039859194858270754,1
0.063338685283332932,1
0.01919793681510034,1
0.00022697764177331578,1
0.022678304843403212,1
0.067210486766995245,2
0.024705951611159304,1
0.064971758926226197,1
0.060077866665505276,1
0.083565736767531651,1
0.0038940288721097454,1
0.10902956937397512,2
0.055306577300952557,2
0.017683053421562515,1
0.071245746479467062,1
0.0038906384302798778,1
0.031096900885262693,1
0.0064535363598143209,1
0.064096729489534141,1
0.01060436895049714,1
0.024925352862738465,1
0.050744618742646797,1
0.098578918329573037,1
0.039943303376133631,1
0.00024151987693156747,1
0.049832043082213187,1
0.06911123156192904,1
0.014616881726618099,1
0.0017746857190930148,1
0.022616065611955977,1
0.054055517609650904,1
0.0021452275364109374,1
0.043612536272889267,1
0.022339833393352552,1
0.056003799684809778,2
0.0033947417359747383,1
0.034498416095986431,1
0.19391137400657327,2
0.015288887430861335,1
0.01051245008411641,1
0.029056351613152908,2
0.060534805836424135,1
0.033225834745695987,1
0.010734727385185496,1
