0.023234699913274117,1,0.023234699913274117
0.021680578615501135,2,-0.03675691782775925
0.072450942464302406,1,0.072450942464302406
0.025980813135708884,1,0.025980813135708884
0.15765514993239349,3,-0.010751831892848175
0.093301590192783321,2,-0.0052123560230800375
0.049594463775590195,2,0.011959629584849311
0.15973267918164341,2,-0.0015356437195975844
0.039786568766541144,1,0.039786568766541144
0.093259245084634929,3,-0.049658383448459957
0.031519241179706149,1,0.031519241179706149
0.011723678983808187,1,0.011723678983808187
0.02344444892363241,1,0.02344444892363241
0.088611753466463508,2,0.010457167693979646
0.033418638366265886,1,0.033418638366265886
0.081670896503083845,2,-0.056307865975828715
0.018160948292330687,1,0.018160948292330687
0.019882971962683273,1,0.019882971962683273
0.0055243979976554438,3,-0.028744189542127225
0.028832054668462035,1,0.028832054668462035
0.034283229252753775,2,-0.014013276501612904
0.040060638003099794,1,0.040060638003099794
0.0090009270012970585,1,0.0090009270012970585
0.034642448524283082,1,0.034642448524283082
0.14963846970859757,2,0.026787755287958681
0.0024590070316015881,1,0.0024590070316015881
0.021020497639782219,1,0.021020497639782219
0.021287413927356891,2,0.032340580721076546
0.058388592833281329,1,0.058388592833281329
0.019095475005540326,2,-0.1263690462357753
0.062909999159540042,1,0.062909999159540042
0.028872039693559684,1,0.028872039693559684
0.17617737404539127,3,-0.015930300313490926
0.076322618239217613,1,0.076322618239217613
0.019013618116694771,1,0.019013618116694771
0.032955350516623086,2,-0.069039443891913951
0.0058863723032075554,2,-0.044886911127230138
0.11382626983697894,1,0.11382626983697894
0.074389766995100637,2,-0.0065851756213354488
0.013652805877658504,1,0.013652805877658504
0.0457740334044245,1,0.0457740334044245
0.068563701843279271,2,0.011016962094111279
0.072049923056464626,1,0.072049923056464626
0.080940984178562631,1,0.080940984178562631
0.044311086566412076,1,0.044311086566412076
0.0050613895148139227,1,0.0050613895148139227
0.10507853657126298,3,-0.045262115712443825
0.050266439332020865,1,0.050266439332020865
0.047014762239603027,1,0.047014762239603027
0.078865673212488024,3,-0.11968708375875693
0.021425732828445794,1,0.021425732828445794
0.084876704660680369,2,-0.01842415783008006
0.07951394523653052,3,-0.057266947235443025
0.0084739092982562877,1,0.0084739092982562877
0.082189335597231183,1,0.082189335597231183
0.021707668172458623,1,0.021707668172458623
0.027077622682289991,1,0.027077622682289991
0.041924124487340807,1,0.041924124487340807
0.063528510500894697,2,-0.00015381241294543655
0.031017213503952482,1,0.031017213503952482
0.089073240085207048,1,0.089073240085207048
0.049235296066827902,1,0.049235296066827902
0.050241828532390786,1,0.050241828532390786
0.095346561644264027,1,0.095346561644264027
0.12335677900505142,2,0.0013972235473556848
0.021267962804437244,3,-0.0551959882873704
0.11244968288788099,2,-0.0009235030204672595
0.044621045415143862,1,0.044621045415143862
0.048635084294275689,1,0.048635084294275689
0.05822502447214857,2,-0.033882748685424693
0.086854631933732288,2,-0.0068667637085821128
0.16598910203874254,2,-0.030060875411824114
0.12970808039607723,2,0.027070560961556012
0.0062442070001934658,1,0.0062442070001934658
0.019799134619903958,1,0.019799134619903958
0.031730423426951003,1,0.031730423426951003
0.026270981327790981,1,0.026270981327790981
0.015668145707853649,1,0.015668145707853649
0.056329699837322035,1,0.056329699837322035
0.02774549409190994,1,0.02774549409190994
0.038079630316782506,2,0.0061602611054082483
0.0073150483962485325,1,0.0073150483962485325
0.046324385304707401,1,0.046324385304707401
0.031755725714434684,3,-0.051217606363750036
0.084321509647530671,2,-0.0073532756991319609
0.038579108808634202,2,-0.12309011793450919
0.10175445046462871,2,-0.0025252734125474079
0.064109703687428451,2,-0.036119709511461658
0.044050859931614499,2,-0.036028032848608053
0.039074365603000302,1,0.039074365603000302
0.071232651999254173,1,0.071232651999254173
0.037897903002903278,1,0.037897903002903278
0.032895750255016065,1,0.032895750255016065
0.062179630890505315,1,0.062179630890505315
0.054700380637836554,1,0.054700380637836554
0.067104547518969701,1,0.067104547518969701
0.017086918199461239,2,-0.064277175162329683
0.11983140794012449,2,-0.0052560198450957484
0.030306555941855988,1,0.030306555941855988
0.075767110316123293,2,-0.031608483612523761
0.025725742083458628,1,0.025725742083458628
0.029544435290117427,1,0.029544435290117427
0.071978211487768257,2,0.025331414657831373
0.064163090745946616,1,0.064163090745946616
0.066137730480121767,1,0.066137730480121767
0.13023965428098688,2,-0.060555733070406265
0.15570484565888493,2,0.026592072988003927
0.031923004981164051,1,0.031923004981164051
0.057405433947541468,1,0.057405433947541468
0.040504481919512524,1,0.040504481919512524
0.025405461762276101,1,0.025405461762276101
0.044193044917729456,1,0.044193044917729456
0.11197919465533614,2,0.070949056423902868
0.027108043574632489,1,0.027108043574632489
0.041620753272376264,2,0.017714514691040847
0.033425189111456394,1,0.033425189111456394
0.028865549310510753,1,0.028865549310510753
0.013163462578744407,1,0.013163462578744407
0.038423666235069799,1,0.038423666235069799
0.060464639918645799,2,0.021060928815583954
0.061685262858229901,2,-0.042020839303446626
0.061018860350398114,1,0.061018860350398114
0.021030134017475985,1,0.021030134017475985
0.013610020265520962,1,0.013610020265520962
0.015599095939170643,1,0.015599095939170643
0.021920486373714142,1,0.021920486373714142
0.091740414712550469,2,-0.038346024449900248
0.12310964151875992,2,0.010891551161419209
0.085339175312774601,1,0.085339175312774601
0.060932059020540302,2,-0.023414727676895817
0.02536185054165371,1,0.02536185054165371
0.099473770808454112,1,0.099473770808454112
0.089479237141115178,3,-0.0057872097599672026
0.11945812991896582,2,0.02545124331770713
0.1573308924767777,2,0.0022165169469372916
0.04805027407615186,1,0.04805027407615186
0.02761980408920273,1,0.02761980408920273
0.071263159766879594,1,0.071263159766879594
0.027528956540960891,1,0.027528956540960891
0.03713236888476007,1,0.03713236888476007
0.013004323489047667,2,-0.012239345989957262
0.15880285961243862,2,0.026394465286635211
0.062910053288469617,1,0.062910053288469617
0.039631647651189206,1,0.039631647651189206
0.028691237931077456,2,0.014199422003957017
0.059064764729874507,1,0.059064764729874507
0.050694617745216303,2,-0.12124754864118716
0.064196259631876029,1,0.064196259631876029
0.034756607941880201,2,-0.008425059813106513
0.11107771720494673,2,0.042198559248563888
0.10200978476514093,3,-0.023631564607675987
0.05995139305956991,1,0.05995139305956991
0.12749104060608707,2,-0.0076028062513267842
0.1146169340333358,1,0.1146169340333358
0.062044925481185308,1,0.062044925481185308
0.02043102429308118,1,0.02043102429308118
0.029086059371392862,1,0.029086059371392862
0.080782758544229297,1,0.080782758544229297
0.07382721498254087,1,0.07382721498254087
0.13797544364143505,3,0.012111099896138653
0.059826759031274768,1,0.059826759031274768
0.043997817054530965,1,0.043997817054530965
0.073269607662038355,2,-0.14841855302189344
0.022777459683242053,1,0.022777459683242053
0.10673327389464751,2,0.0052341418095358128
0.014313505803327404,1,0.014313505803327404
0.082703578234405009,1,0.082703578234405009
0.036268454683308061,2,-0.026950296608195336
0.10714349959699224,2,-0.016095745862974173
0.068715542960487652,1,0.068715542960487652
0.090940462238954287,1,0.090940462238954287
0.076400884280470746,2,-0.026483931527505999
0.015585921629840675,1,0.015585921629840675
0.037983230354692588,1,0.037983230354692588
0.062748454992894692,2,-0.014583398720058344
0.025212946714368047,2,-0.050479054739576742
0.048247570815848607,1,0.048247570815848607
0.073739783357284164,1,0.073739783357284164
0.063512631420074961,1,0.063512631420074961
0.017705495406244207,1,0.017705495406244207
0.10281619366096571,2,-0.049123983734276205
0.024278492362036205,1,0.024278492362036205
0.047060136092464934,1,0.047060136092464934
0.084382105146453418,2,-0.062310959113489675
0.096616023880186183,1,0.096616023880186183
0.023592502600094604,1,0.023592502600094604
0.047484955171981341,2,-0.065549338907063381
0.0025426318079383768,1,0.0025426318079383768
0.015814426562642689,1,0.015814426562642689
0.050056292079493733,1,0.050056292079493733
0.11399497217528917,2,-0.0033046884139214623
0.039428121693081353,2,-0.046227954075012907
0.12216261889555054,2,0.025215503196546533
0.082593145591573366,1,0.082593145591573366
0.063466100514424487,1,0.063466100514424487
0.028493196985739707,1,0.028493196985739707
0.0053375633396973276,2,0.051660064040295113
0.07149564917944147,2,-0.00054707002093231196
0.042839411508941772,2,-0.038734764350399888
0.11245043144602702,1,0.11245043144602702
0.029528452052505233,1,0.029528452052505233
0.0066884525201436305,1,0.0066884525201436305
0.029127486030324976,1,0.029127486030324976
0.021153317695114731,1,0.021153317695114731
0.033130189790533331,1,0.033130189790533331
0.046512288481155628,1,0.046512288481155628
0.054009675953154042,1,0.054009675953154042
0.015633731265584871,1,0.015633731265584871
0.066017234254154497,2,-0.12638123953155175
0.11205653870991246,1,0.11205653870991246
0.041129908842260393,1,0.041129908842260393
0.050970892472610975,2,-0.043711158443007797
0.08464379421634223,2,-0.023291963630719371
0.02078867017104654,1,0.02078867017104654
0.10979800362677083,2,-0.082997988110574294
0.0777363121076977,2,-0.10057921760302081
0.09081344174012479,2,0.013970807749099151
0.019326694034568704,1,0.019326694034568704
0.10134170219743333,2,-0.015486215311840159
0.052602445215873317,3,-0.013411448262030147
0.059187557621467338,1,0.059187557621467338
0.062901457907583641,1,0.062901457907583641
0.09679763007089974,2,0.012267192735595673
0.031904889201847524,1,0.031904889201847524
0.10854521319590069,2,-0.023206621714518056
0.065342125006909155,1,0.065342125006909155
0.038984165445437639,1,0.038984165445437639
0.075682736231967432,1,0.075682736231967432
0.15747817940102032,3,-0.016451958592647153
0.029988353704584286,2,-0.025982292551163844
0.025406327037994642,1,0.025406327037994642
0.055710448049631441,2,0.034122362991444728
0.0054822596973782703,1,0.0054822596973782703
0.017501792830263794,2,0.015557223195430941
0.056349311844975415,2,-0.0080118441962131713
0.043352482816844069,1,0.043352482816844069
0.027307467409614473,2,-0.05115506578924299
0.03864369924462957,1,0.03864369924462957
0.12883711601560763,3,-0.098671829831798258
0.035965093092748812,1,0.035965093092748812
0.093145679511303855,2,-0.00033485444443532919
0.22244828269252789,3,-0.018413076550986063
0.16866139973645061,3,0.012350066053555226
0.065136497865684012,1,0.065136497865684012
0.05399578927448858,1,0.05399578927448858
0.071521490017297754,2,-0.026845814270332335
0.14194076528103347,2,0.011774099866350531
0.027071558050096044,1,0.027071558050096044
0.02410868196102145,1,0.02410868196102145
0.051303765621629159,1,0.051303765621629159
0.021345214204209477,1,0.021345214204209477
0.045150391157213435,1,0.045150391157213435
0.045159392836454808,2,-0.028869911047676413
0.022305911235963212,2,0.0062100201270003279
0.044695478098311751,2,0.0155867249586184
0.040771406734449366,1,0.040771406734449366
0.033890919304814512,1,0.033890919304814512
0.082711733809841037,2,-0.053463132704584172
0.0064251552123692126,1,0.0064251552123692126
0.065614025568655282,2,-0.057819119675736261
0.0668936121695171,3,-0.10145483982500374
0.038466379555544515,1,0.038466379555544515
0.0026311235038987131,1,0.0026311235038987131
0.030189871052614278,1,0.030189871052614278
0.050864912385651689,1,0.050864912385651689
0.029463398118818842,1,0.029463398118818842
0.10380161144649901,2,-0.021973491556110322
0.044456402420035485,1,0.044456402420035485
0.006094990444343423,2,-0.029471530305119058
0.061113075193782063,2,-0.052820725216665282
0.071843310435249177,1,0.071843310435249177
0.059383473889493277,1,0.059383473889493277
0.027428328245691691,1,0.027428328245691691
0.0464279641966329,1,0.0464279641966329
0.0024078682291138469,1,0.0024078682291138469
0.091595214213170115,2,-0.0034781334250666048
0.022233478876915971,1,0.022233478876915971
0.034119455615364461,1,0.034119455615364461
0.031444260626476921,1,0.031444260626476921
0.009490500974415261,1,0.009490500974415261
0.076706526463978034,2,-0.046774278412588237
0.0058670719810423044,1,0.0058670719810423044
0.10347769920334444,2,-0.049898754505978207
0.0062726446488234151,1,0.0062726446488234151
0.011368172955084552,1,0.011368172955084552
0.05914803717464328,1,0.05914803717464328
0.060280187789061121,3,-0.17473038749002384
0.031590471127322182,1,0.031590471127322182
0.00084477015787785077,1,0.00084477015787785077
0.083847896014720105,2,-0.01642061509011758
0.081918840935452472,1,0.081918840935452472
0.07835172801449404,1,0.07835172801449404
0.08935639007584012,2,0.03700320890975304
0.099769531864688885,1,0.099769531864688885
0.022963993553802905,1,0.022963993553802905
0.06185434636902979,1,0.06185434636902979
0.072958638572353338,1,0.072958638572353338
0.01935696430492995,1,0.01935696430492995
0.046350601295619971,1,0.046350601295619971
0.078443386595717951,2,0.015874245572705798
0.12484445084417559,2,-0.13867209415751078
0.058732792916592655,1,0.058732792916592655
0.017302820486912326,1,0.017302820486912326
0.024286088778017023,1,0.024286088778017023
0.13098520958678384,2,-0.007553822664182472
0.023983733813683669,1,0.023983733813683669
0.10808817486041566,4,-0.053705588321061364
0.012355268986666633,1,0.012355268986666633
0.085829476036165142,2,0.026785778162355656
0.009676883564687799,1,0.009676883564687799
0.063194394860526831,3,-0.067542736739938741
0.074781553663400682,2,-0.028008479124725712
0.043411375894627353,1,0.043411375894627353
0.0062702827242280094,1,0.0062702827242280094
0.032731930739445976,1,0.032731930739445976
0.017983750227335633,1,0.017983750227335633
0.1333213058573833,2,0.019724610170852929
0.065337503298842151,1,0.065337503298842151
0.028987572156293211,1,0.028987572156293211
0.12731322202721648,2,0.027244579314600705
0.020813666342679747,1,0.020813666342679747
0.095287410499499764,2,-0.020975128608639117
0.095428629567151674,2,0.031015736546371582
0.16993794596367715,2,-0.0066101602213821343
0.070926009472999221,2,-0.020380534161062065
0.021712176769906263,1,0.021712176769906263
0.11071345287532601,2,-0.008185781671149828
0.026504354814492894,1,0.026504354814492894
0.023478494655193527,1,0.023478494655193527
0.065064772972495133,1,0.065064772972495133
0.044816245042356248,1,0.044816245042356248
0.045814489465095302,2,0.0019893545497007802
0.085888681785177431,1,0.085888681785177431
0.0088634948501006457,2,-0.098254154740382266
0.061284136055883884,1,0.061284136055883884
0.036679994153027154,1,0.036679994153027154
0.053513297981300348,2,-0.0015584410202901466
0.10166467442573845,1,0.10166467442573845
0.0094732669835133447,1,0.0094732669835133447
0.039515215254057157,1,0.039515215254057157
0.12747549075144141,2,-0.074147958129188618
0.10161790092004622,2,-0.012780917497560646
0.012473450254713041,1,0.012473450254713041
0.042459353581580678,1,0.042459353581580678
0.018149922348322106,2,-0.0054268431363883127
0.060422322119685214,1,0.060422322119685214
0.049734941702997471,2,-0.0029607958308468987
0.054482393907468063,2,-0.018536313970223161
0.044679126238521397,2,-0.00083859613192501664
0.0067340840203759227,1,0.0067340840203759227
0.10420057726916798,1,0.10420057726916798
0.014328393968266765,1,0.014328393968266765
0.052312900289004025,1,0.052312900289004025
0.012946507933642911,1,0.012946507933642911
0.017399824482250911,1,0.017399824482250911
0.013529494947396397,1,0.013529494947396397
0.02706860045453913,1,0.02706860045453913
0.077428283066317757,1,0.077428283066317757
0.043699710262372647,1,0.043699710262372647
0.11424518916437683,2,0.082141506634512945
0.064760136829665582,2,0.0059197097458500592
0.090063523167778381,1,0.090063523167778381
0.017678933790116619,1,0.017678933790116619
0.06615745296349218,2,-0.025499685649543632
0.041986917319584226,1,0.041986917319584226
0.14016486648598869,2,0.0058499987525359436
0.057312111261664682,1,0.057312111261664682
0.046941833834060934,2,-0.083792725208756302
0.087523892869689077,2,0.0008509938375648304
0.018388977283479598,1,0.018388977283479598
0.068196284819632774,1,0.068196284819632774
0.011481730081000381,2,-0.0031261341337633871
0.026337397786258022,1,0.026337397786258022
0.13687116623905662,2,-0.0029517601497964182
0.053349331282705956,1,0.053349331282705956
0.057361735502699532,2,-0.088622209822494871
0.022888070418959908,1,0.022888070418959908
0.023395961123372326,1,0.023395961123372326
0.012256118816879442,1,0.012256118816879442
0.019728660883320336,1,0.019728660883320336
0.063020089078961755,1,0.063020089078961755
0.053431528885031956,1,0.053431528885031956
0.037954884554186358,2,-0.056326922635930456
0.046670494888933954,1,0.046670494888933954
0.076962774175885942,2,0.010828730916992739
0.045610390044829113,1,0.045610390044829113
0.024786507843989145,1,0.024786507843989145
0.038488275349749405,1,0.038488275349749405
0.067874364330789166,1,0.067874364330789166
0.056774552770389883,1,0.056774552770389883
0.0099914367011102075,1,0.0099914367011102075
0.19314599330874163,2,0.009759086103917439
0.041909458102474241,1,0.041909458102474241
0.10049564954501344,2,-0.0087775587349248844
0.032375161975621687,1,0.032375161975621687
0.060654079129681765,2,-0.0288571816958023
0.034114733721015797,1,0.034114733721015797
0.060722173364944607,2,-0.074048160325543788
0.20283729815094653,3,0.017454423374976727
0.07305291718196201,1,0.07305291718196201
0.022732980433690798,1,0.022732980433690798
0.032182585426860276,1,0.032182585426860276
0.039795377831327076,1,0.039795377831327076
0.063595358905098209,2,0.00052170868442004664
0.022803932648396474,1,0.022803932648396474
0.033595776664084899,1,0.033595776664084899
0.030189890847872759,1,0.030189890847872759
0.047183498724123897,3,0.0025625953583953936
0.046279493056377567,2,-0.0044456665307012443
0.16316428217239873,2,0.06553999317887374
0.02045632462104437,1,0.02045632462104437
0.11558795635255412,1,0.11558795635255412
0.012208640298454738,1,0.012208640298454738
0.021640841200405887,2,0.027156090740975979
0.017482226713644529,1,0.017482226713644529
0.065401256629406976,2,-0.008504735132891501
0.027756760604861385,1,0.027756760604861385
0.19859592483537264,2,-0.011433824727543057
0.020364011843477105,1,0.020364011843477105
0.034746826606332604,2,0.020555892028392714
0.055112213929506118,1,0.055112213929506118
0.036713867975021165,2,-0.068878742985192268
0.0086858159672609497,2,-0.01488269901828701
0.025700838786960421,1,0.025700838786960421
0.026928167286150613,1,0.026928167286150613
0.012225013706869094,2,-0.065052150733122344
0.02226394923315125,1,0.02226394923315125
0.051698336547201108,1,0.051698336547201108
0.084856727915473232,1,0.084856727915473232
0.050005037658563213,1,0.050005037658563213
0.065795246450019593,2,-0.096507663643342734
0.077224441333436797,1,0.077224441333436797
0.14677433672438209,2,0.016553393154698181
0.043153338848662917,2,-0.012032712667348806
0.050217760694271252,1,0.050217760694271252
0.031376859948466417,1,0.031376859948466417
0.037501731487849736,1,0.037501731487849736
0.13085874060038,2,0.0169191690373885
0.029726135889526113,1,0.029726135889526113
0.030332483531495615,1,0.030332483531495615
0.020525682067927417,2,-0.0090491096468356749
0.090324688522595287,2,-0.010275734023206813
0.10297342592009741,2,-0.048551969452832466
0.077396766277494533,1,0.077396766277494533
0.054421895346270774,1,0.054421895346270774
0.092547371996833883,3,0.0017558221314270272
0.15770285947144841,2,-0.0012711004609710108
0.14633809302477813,2,0.021890421749680734
0.1131847453852865,1,0.1131847453852865
0.041453308757072378,1,0.041453308757072378
0.032305473064983395,1,0.032305473064983395
0.038726811432533814,1,0.038726811432533814
0.02136120807656321,1,0.02136120807656321
0.00089916753292217056,1,0.00089916753292217056
0.15655090965252985,2,0.015612581378975997
0.052825291618458038,1,0.052825291618458038
0.050797534795268835,1,0.050797534795268835
0.036521148103631919,1,0.036521148103631919
0.045375705687757083,1,0.045375705687757083
0.033693973757414758,1,0.033693973757414758
0.057687150597636405,1,0.057687150597636405
0.031264355287805454,1,0.031264355287805454
0.075918241828880767,2,0.0030802917290116269
0.085155338587027493,1,0.085155338587027493
0.011685369721140645,1,0.011685369721140645
0.059213959303061246,1,0.059213959303061246
0.027386942697203012,1,0.027386942697203012
0.03785133506808442,2,-0.031359784219525462
0.060327499844205337,1,0.060327499844205337
0.026603823825789897,1,0.026603823825789897
0.067356484054215598,3,-0.048279562423678632
0.043500166763053717,1,0.043500166763053717
0.023034070973978603,1,0.023034070973978603
0.049845080517011704,2,0.0087955601241784375
0.077945311881515308,2,-0.017647890127873114
0.046281644315571621,2,-0.010936565482842638
0.028777399025197631,1,0.028777399025197631
0.063203533927351729,2,0.016642908264227266
0.11567443479083149,1,0.11567443479083149
0.018340867140589048,1,0.018340867140589048
0.1195260149986556,2,0.053525596505584777
0.0033491985306769081,1,0.0033491985306769081
0.054413909484829562,1,0.054413909484829562
0.044369919215783413,1,0.044369919215783413
0.028551359289688098,1,0.028551359289688098
0.031849535074232993,1,0.031849535074232993
0.097905086340844383,2,0.0079585466732662972
0.052388797274570222,1,0.052388797274570222
0.070868509784915212,1,0.070868509784915212
0.046645114384861512,1,0.046645114384861512
0.021574432423169601,1,0.021574432423169601
0.1236591055227856,2,-0.020274776142693445
0.16380059213771853,2,-0.0061484855196175092
0.15573627448464497,2,-0.02353636783053005
0.03247721156742616,2,-0.0068379449996794107
0.081425796898130995,2,-0.10953365405735054
0.028653043935531759,1,0.028653043935531759
0.12857161112545165,3,-0.016156440658456252
0.041731314748685092,1,0.041731314748685092
0.085658414843632291,2,-0.076840457956637728
0.11990006187088324,2,0.011385080048403155
0.057413861912617895,1,0.057413861912617895
0.030918192635677893,1,0.030918192635677893
0.0084430355616254109,1,0.0084430355616254109
0.059712760518707615,2,-0.056523419152365882
0.035136634685244576,2,-0.023846597309683276
0.036969653960098117,2,-0.0037708133296199512
0.0031704600682355664,1,0.0031704600682355664
0.014423596650686561,1,0.014423596650686561
0.028337732124196137,1,0.028337732124196137
0.20093380411357392,2,-0.020749305094603723
0.10818435712522549,2,-0.011701553358028815
0.092950705114164575,1,0.092950705114164575
0.054737489923009766,1,0.054737489923009766
0.14625958473929696,3,-0.05684554709390284
0.016010072194249599,1,0.016010072194249599
0.012497277746627284,1,0.012497277746627284
0.08214976754544516,2,0.0060319696027372862
0.039672098240895771,2,-0.018559497353589773
0.048237671874579086,1,0.048237671874579086
0.10557990169444106,3,0.020538490114833389
0.026986871973253425,2,-0.017230219054073619
0.059188464739252315,2,-0.03868444419789737
0.099584167793803025,2,-0.0037121399192371839
0.03622878139147423,2,-0.017984512458542216
0.02659577351902646,1,0.02659577351902646
0.070140756222634867,2,-0.076785339917335022
0.009280356068219869,2,-0.056258324569850686
0.019918017344396865,1,0.019918017344396865
0.08535679998162897,2,0.015189297092688916
0.0089131588050313099,1,0.0089131588050313099
0.091666846273160296,2,0.0081070078216351309
0.045757586427979044,1,0.045757586427979044
0.007504918474640976,1,0.007504918474640976
0.030810969145092328,1,0.030810969145092328
0.016317697255351704,2,0.0044825142571725228
0.076038029254705541,1,0.076038029254705541
0.021939925734341004,2,-0.064460793735548777
0.041239365082854938,1,0.041239365082854938
0.058115390777911627,1,0.058115390777911627
0.020979785307670386,1,0.020979785307670386
0.069643240412997118,1,0.069643240412997118
0.048344983100805997,1,0.048344983100805997
0.010451423325406349,1,0.010451423325406349
0.069406162525778317,1,0.069406162525778317
0.017843928730906216,1,0.017843928730906216
0.0615157903217841,2,-0.0088081607988531718
0.071483483648627832,2,-0.054513048881021382
0.053482351218650533,1,0.053482351218650533
0.029268968434554826,1,0.029268968434554826
0.16418979690181784,2,0.030544543485309369
0.054324559629438059,2,-0.0095803679419743278
0.074370502824771451,2,0.036321144474829613
0.018039328164907061,1,0.018039328164907061
0.0090856585844585318,1,0.0090856585844585318
0.019944165483760157,1,0.019944165483760157
0.0015808197448041932,1,0.0015808197448041932
0.12838740356633177,2,-0.00019875469952536988
0.040633940137597926,1,0.040633940137597926
0.093174445130029773,1,0.093174445130029773
0.019577640805698088,2,-0.085009386278578541
0.017484448717086078,1,0.017484448717086078
0.030660763952355789,1,0.030660763952355789
0.027084172880409249,1,0.027084172880409249
0.043625367151679306,2,-0.035856081703606567
0.040002431592604304,1,0.040002431592604304
0.032699011330585517,1,0.032699011330585517
0.051939795398290668,2,-0.041977227878257181
0.04084036869204595,3,-0.094880978939906296
0.064838245498208089,1,0.064838245498208089
0.13756146569453934,2,-0.059701330111029398
0.10857720815870973,2,0.0090811487178662342
0.069574130127867534,1,0.069574130127867534
0.036991639909784164,1,0.036991639909784164
0.034185393633768983,1,0.034185393633768983
0.023154621723538899,1,0.023154621723538899
0.0033828304851515082,1,0.0033828304851515082
0.048719469354813069,1,0.048719469354813069
0.04012264796653154,1,0.04012264796653154
0.0015502033474800536,1,0.0015502033474800536
0.015078132401505439,1,0.015078132401505439
0.0052224958396996446,1,0.0052224958396996446
0.05271006560170137,1,0.05271006560170137
0.041274956449738359,2,-0.042578820703777012
0.04075525400593278,1,0.04075525400593278
0.0078885003154551391,1,0.0078885003154551391
0.021927907533021485,1,0.021927907533021485
0.072205779513138807,2,-0.070055861831565744
0.10239629714622647,2,-0.019944935147924895
0.072238951995540243,1,0.072238951995540243
0.026982546148073178,1,0.026982546148073178
0.051681149486959219,2,-0.025798721293958285
0.038295820280991662,1,0.038295820280991662
0.10601649806724493,2,-0.0075735122513638561
0.036746464062768797,1,0.036746464062768797
0.051294833133992336,1,0.051294833133992336
0.12600575785951967,2,-0.022829466711703359
0.046608320361556335,2,0.051855726054172983
0.0094143873107908824,2,-0.19454004533254354
0.054206726604671983,2,-0.13216949266021982
0.017325051484440135,2,-0.12619168523383886
0.023445527703375654,1,0.023445527703375654
0.047369874903002665,1,0.047369874903002665
0.09809901271733408,2,-0.0048606236517612861
0.05614091472771171,2,-0.014483111647869947
0.05917458645450812,1,0.05917458645450812
0.031331452662749143,1,0.031331452662749143
0.020450026691830683,1,0.020450026691830683
0.087771399957332019,1,0.087771399957332019
0.039531713770083139,1,0.039531713770083139
0.040089361861773282,2,0.0010718529237462042
0.061984067308163839,2,-0.10905364668127034
0.01804714511568152,1,0.01804714511568152
0.09503129860362565,2,-0.032002873063915069
0.03449491026116238,2,-0.039498963963144521
0.11423336391895,3,-0.060179900846239746
0.014581364433892777,1,0.014581364433892777
0.040585712713084456,2,-0.02946121531624115
0.039444681067810274,2,-0.030088679014742117
0.050231502100792989,1,0.050231502100792989
0.011797247581505957,1,0.011797247581505957
0.031965192638987457,1,0.031965192638987457
0.087678105907599196,2,0.0094551095043073578
0.028515875336342377,1,0.028515875336342377
0.095334358493553609,1,0.095334358493553609
0.10255470359570622,2,-0.022109692197685344
0.031974964184690209,1,0.031974964184690209
0.032586793947298125,1,0.032586793947298125
0.087378196258997981,1,0.087378196258997981
0.028612923453324501,1,0.028612923453324501
0.033938644692396339,1,0.033938644692396339
0.031288139317591335,2,-0.10200233974617554
0.040278098964498278,1,0.040278098964498278
0.067768353213994381,2,-0.0088702139105326389
0.0088045304853291376,1,0.0088045304853291376
0.054573767209136849,1,0.054573767209136849
0.12424236190723355,2,-0.062355731928918551
0.024541355010245926,1,0.024541355010245926
0.088132964117304105,2,-0.0080802568346642605
0.046318367309061213,3,-0.0087471882179671785
0.075691127723042206,1,0.075691127723042206
0.0991818321593778,1,0.0991818321593778
0.04598893501219898,2,-0.0068824043340673501
0.019468175495385424,1,0.019468175495385424
0.052086703396760511,1,0.052086703396760511
0.052906031180160948,1,0.052906031180160948
0.057509177487099807,1,0.057509177487099807
0.059184279772985772,2,0.0062175751622301862
0.044561256346571279,1,0.044561256346571279
0.093285672758523341,2,-0.087003417706708608
0.010456183229757868,1,0.010456183229757868
0.14844477704376927,3,-0.095224688456960707
0.028129210404624738,1,0.028129210404624738
0.14824056735605415,2,0.040538903150774526
0.038157785289949953,3,-0.031704241073263251
0.064652489995552606,2,-0.013156969072534967
0.074869233365633323,2,-0.061819447412451475
0.10840999435873155,3,-0.013272913801086923
0.03799033703023174,1,0.03799033703023174
0.010124922054469309,1,0.010124922054469309
0.021523750815569606,1,0.021523750815569606
0.02535032593208994,1,0.02535032593208994
0.073226791405076527,1,0.073226791405076527
0.03004501693713927,2,-0.019578836124878707
0.019439102410871191,1,0.019439102410871191
0.11558669576558195,3,0.012019242669001128
0.029489003467991128,1,0.029489003467991128
0.11320404357826487,2,-0.017352683770883445
0.044912152689089851,1,0.044912152689089851
0.038766007341081737,1,0.038766007341081737
0.030165317915581392,1,0.030165317915581392
0.080852332583320932,1,0.080852332583320932
0.030518858049358763,1,0.030518858049358763
0.057721074932916734,2,-0.046335592370014604
0.028652294034048738,2,-0.011893197204242438
0.092030158324777442,2,-0.0069958714798688659
0.086490858111128902,2,0.018004754927444497
0.041725227891490996,1,0.041725227891490996
0.045187126275056895,1,0.045187126275056895
0.050324972956640845,2,-0.014672019181489171
0.079822074659835388,1,0.079822074659835388
0.13037386190500397,2,-0.014164026029390764
0.0075138718283251395,1,0.0075138718283251395
0.060087331628638947,2,-0.092132390108135523
0.048485772130034153,2,-0.074060430783132292
0.050071424514392407,1,0.050071424514392407
0.030532789354911827,1,0.030532789354911827
0.10154035380142543,3,-0.0024303542648916824
0.035247377061814446,1,0.035247377061814446
0.0092625942016883473,1,0.0092625942016883473
0.0048488131244613731,1,0.0048488131244613731
0.0078058822443157127,1,0.0078058822443157127
0.033386200716893147,2,-0.031381170636107486
0.00044200343476171112,1,0.00044200343476171112
0.063176442915019823,2,0.009616940872327397
0.092304529756777123,2,-0.061696132075085473
0.074898019204931873,1,0.074898019204931873
0.034243150869336415,2,-0.057185000768341224
0.11958873635547576,2,-0.0052011743802610078
0.032480334598584383,2,-0.045556992468501478
0.025967747344470594,1,0.025967747344470594
0.0021212770767611269,1,0.0021212770767611269
0.091848117928785195,4,-0.077836953087252816
0.062439938534992419,1,0.062439938534992419
0.013838069944650687,1,0.013838069944650687
0.081365667905689512,2,-0.057248590095653744
0.038038075728989595,1,0.038038075728989595
0.012653602939061407,1,0.012653602939061407
0.0093846798468918032,1,0.0093846798468918032
0.054446938080298921,1,0.054446938080298921
0.0019874354154307884,1,0.0019874354154307884
0.065346587422560679,1,0.065346587422560679
0.0048327856614235176,1,0.0048327856614235176
0.035471229681154119,1,0.035471229681154119
0.040449374494329983,1,0.040449374494329983
0.046057187507793564,1,0.046057187507793564
0.035595813369487833,1,0.035595813369487833
0.082267070793323072,1,0.082267070793323072
0.047981206394495719,1,0.047981206394495719
0.049518817587334195,1,0.049518817587334195
0.043816584211366923,2,-0.12599171282278901
0.01303367060992639,1,0.01303367060992639
0.010757942829343104,1,0.010757942829343104
0.012245580647510194,1,0.012245580647510194
0.026657902597550458,1,0.026657902597550458
0.065340499925446785,1,0.065340499925446785
0.011435221545951096,1,0.011435221545951096
0.015337388738419302,1,0.015337388738419302
0.06105054961378889,1,0.06105054961378889
0.086840835554161513,2,-0.0073092123380723408
0.11050368420926995,2,0.013433757982532251
0.031534907111145996,1,0.031534907111145996
0.055527647122007938,1,0.055527647122007938
0.0083510005176382802,1,0.0083510005176382802
0.050028112490533801,1,0.050028112490533801
0.0041888399260050059,1,0.0041888399260050059
0.018585774355586508,1,0.018585774355586508
0.029454019151849885,1,0.029454019151849885
0.023919557519998642,1,0.023919557519998642
0.014561105540154098,1,0.014561105540154098
0.024920511193713881,1,0.024920511193713881
0.041187901433210238,1,0.041187901433210238
0.011301886771207959,1,0.011301886771207959
0.049999966328659273,1,0.049999966328659273
0.017759684477219779,1,0.017759684477219779
0.016419069305817647,1,0.016419069305817647
0.12095244072442016,2,0.010295991496323343
0.043193500976799575,2,0.029771489692274833
0.023683882571933802,1,0.023683882571933802
0.10426872492463145,2,-0.017930409589848279
0.071903541309182362,1,0.071903541309182362
0.033036119086108345,2,-0.048528935049455817
0.037453712901930961,1,0.037453712901930961
0.040859577366622379,1,0.040859577366622379
0.15178929943233296,3,-0.028028340482499182
0.066115059299045362,1,0.066115059299045362
0.14922426771989311,2,-0.011115263084646044
0.03545149103783999,1,0.03545149103783999
0.030635590237847548,1,0.030635590237847548
0.0025471273379584496,1,0.0025471273379584496
0.017267401328889317,1,0.017267401328889317
0.0048100926211059065,1,0.0048100926211059065
0.04142233163852449,1,0.04142233163852449
0.016694443770430056,1,0.016694443770430056
0.045114662509749145,1,0.045114662509749145
0.054679870036268743,2,0.032735802215822472
0.029008676318135466,1,0.029008676318135466
0.052430063284063348,2,-0.11781441731673699
0.0036020130770203717,2,-0.0048532041332337303
0.068323206571302086,2,-0.021343371624133332
0.035157827840756946,1,0.035157827840756946
0.064768978123222243,3,-0.022211524085563834
0.04888611046375152,1,0.04888611046375152
0.052203574833164415,1,0.052203574833164415
0.012943680776291022,1,0.012943680776291022
0.035720892874055769,1,0.035720892874055769
0.0067103103278565446,1,0.0067103103278565446
0.18994430583917801,3,-0.0049767897996807215
0.12463822321826361,2,-0.00049222963795474183
0.078599069046442552,2,-0.0323255177338925
0.063420197813297774,2,-0.0070217670504091083
0.06543011390217382,1,0.06543011390217382
0.035509431101681518,2,-0.021618132075353229
0.069645966171150306,1,0.069645966171150306
0.044354879286644736,1,0.044354879286644736
0.068435447341275241,2,-0.063924232227905026
0.00272401765779207,1,0.00272401765779207
0.040084094852714407,2,0.032949846983473911
0.045469785272876644,1,0.045469785272876644
0.030278493759271455,1,0.030278493759271455
0.0084993927109548173,1,0.0084993927109548173
0.071527258619641626,1,0.071527258619641626
0.036355269190891194,1,0.036355269190891194
0.075535691474409444,1,0.075535691474409444
0.047128552499988458,1,0.047128552499988458
0.0084379607528983717,1,0.0084379607528983717
0.14291632952747366,2,-0.012942880540328014
0.066783580242392032,2,-0.036045755129133772
0.1208722912585285,2,0.0020920453467107056
0.010494323119318732,1,0.010494323119318732
0.012947044726816048,2,-0.036421442871580674
0.022703296623555479,2,-0.11245835334035457
0.069940400322872562,1,0.069940400322872562
0.015725375763027481,1,0.015725375763027481
0.035802471778352038,1,0.035802471778352038
0.058599041143322914,1,0.058599041143322914
0.034879081412124514,1,0.034879081412124514
0.034059824857381273,1,0.034059824857381273
0.16309605964710355,3,0.013220903222502366
0.11354853686934974,2,-0.046997852074390722
0.027683424322319846,1,0.027683424322319846
0.034918163180159001,1,0.034918163180159001
0.073234535702362699,2,-0.057903096774608469
0.07988302554026902,1,0.07988302554026902
0.046969995858227795,1,0.046969995858227795
0.02672026764889178,1,0.02672026764889178
0.055549185165787184,2,-0.13825105299568588
0.04278326712006017,1,0.04278326712006017
0.066897074760612241,2,-0.017629628133247654
0.0057706673779723315,1,0.0057706673779723315
0.030898877249212805,1,0.030898877249212805
0.031186300335109073,3,-0.086310735691217624
0.11786809141590424,2,0.093051686245006454
0.065965986562994183,1,0.065965986562994183
0.0048039899477939196,2,-0.0029717272171540183
0.043406661900290862,2,-0.027736587248795266
0.02656869597577087,1,0.02656869597577087
0.049505352009141607,2,-0.040331169876930022
0.0060344049809364442,1,0.0060344049809364442
0.022268826294420164,1,0.022268826294420164
0.06619794743739689,1,0.06619794743739689
0.18089559622444817,2,0.012785130635898496
0.048207957509823388,1,0.048207957509823388
0.13731165010261409,2,0.057062914647672443
0.11236521661199907,2,0.017290421830452703
0.012668001422265993,2,0.01240290804091769
0.071313318184049512,2,-0.0086398211953381925
0.035678027935591321,1,0.035678027935591321
0.046089960987910586,1,0.046089960987910586
0.062253398371841899,2,-0.010429863264787297
0.0040163486950462544,1,0.0040163486950462544
0.035446397485922244,1,0.035446397485922244
0.04295987129631567,1,0.04295987129631567
0.0061043201698542417,1,0.0061043201698542417
0.010190058594032419,1,0.010190058594032419
0.070102397286390242,1,0.070102397286390242
0.081263729166997908,2,-0.047370460682031969
0.12227445837647002,2,-0.0078699503180276603
0.014385168692894364,2,-0.080335468374780242
0.05067866425195023,1,0.05067866425195023
0.073666312477581403,2,-0.073643524998023499
0.087047515510975323,2,0.025584434161124523
0.003939831370514962,1,0.003939831370514962
0.12829188102328878,2,0.011092458161956593
0.038801678150599525,1,0.038801678150599525
0.091636046062700802,2,0.01915887288319337
0.086390951269524827,1,0.086390951269524827
0.024865803330523295,1,0.024865803330523295
0.039440989810710918,1,0.039440989810710918
0.016537022637967958,1,0.016537022637967958
0.024010341856351938,2,-0.10110363294682
0.051068496277116772,1,0.051068496277116772
0.067414980229115948,1,0.067414980229115948
0.073262952461153968,1,0.073262952461153968
0.059084758117061958,1,0.059084758117061958
0.028224171651817728,1,0.028224171651817728
0.12163573495848019,2,-0.0077631240195962879
0.064518836814784,1,0.064518836814784
0.040642681820609948,1,0.040642681820609948
0.066833797311374524,2,-0.0099842203034562413
0.034319842511889569,1,0.034319842511889569
0.10121362920285422,2,-0.0068427460801414501
0.0061555334143074134,1,0.0061555334143074134
0.025469049740425805,1,0.025469049740425805
0.059683970384623905,1,0.059683970384623905
0.039782447037504907,2,-0.026424852625634179
0.046686306136234604,1,0.046686306136234604
0.086778925900334383,1,0.086778925900334383
0.11816157387415521,2,-0.013838868647587432
0.010744743687611111,1,0.010744743687611111
0.03732322250825567,2,-0.034276467902051425
0.074866051146698032,1,0.074866051146698032
0.029678162563634401,3,-0.029430994654259815
0.033009444497416517,1,0.033009444497416517
0.027321857465161865,1,0.027321857465161865
0.073797097041417486,1,0.073797097041417486
0.0086645299889562977,1,0.0086645299889562977
0.065806393522571449,2,-0.030102517321145567
0.015037499666321749,2,-0.037209441142392628
0.0024951614537099109,1,0.0024951614537099109
0.11757017327476513,2,-0.068762249668793796
0.072324080273727692,1,0.072324080273727692
0.020181017289379054,1,0.020181017289379054
0.028486967315395025,1,0.028486967315395025
0.0087041628819456169,1,0.0087041628819456169
0.10177340312516138,2,-0.025217011737921867
0.059851542710866824,1,0.059851542710866824
0.045232417172360977,2,-0.0081450217051239338
0.030382491789130217,1,0.030382491789130217
0.022798644622921874,1,0.022798644622921874
0.03462876153576834,1,0.03462876153576834
0.042291001314438907,2,0.036522887657338438
0.036686043951944379,1,0.036686043951944379
0.056344249733744509,2,0.022281015831493518
0.0373523036591355,1,0.0373523036591355
0.022824955426998399,2,0.03502522224231043
0.020968935642851926,1,0.020968935642851926
0.004426646530459941,1,0.004426646530459941
0.016522233899364275,2,-0.010514646157492185
0.095066341319070505,1,0.095066341319070505
0.087929489577630929,2,-0.0047258666410958878
0.068244840091319967,1,0.068244840091319967
0.051014456970735554,1,0.051014456970735554
0.02495895099985462,1,0.02495895099985462
0.013351009555168119,1,0.013351009555168119
0.049005131839077391,2,0.0038715890599013742
0.062270964720679153,2,-0.022780728293124646
0.037675770577497783,2,-0.074818805588935375
0.026523777195141238,1,0.026523777195141238
0.0042157288266686738,1,0.0042157288266686738
0.027489984815529021,1,0.027489984815529021
0.061247289975295931,2,-0.10441468817144803
0.028593856576899859,1,0.028593856576899859
0.062708767282994807,2,-0.0035061065286680166
0.069758321965700185,2,-0.038692988345550912
0.060096428105242856,1,0.060096428105242856
0.066479723429744897,1,0.066479723429744897
0.026396956523225424,1,0.026396956523225424
0.065118035663994336,2,-0.042377828984265543
0.017834881781146613,1,0.017834881781146613
0.016547518190178676,1,0.016547518190178676
0.10817951835582748,2,-0.045400654489436823
0.0033539745682357337,1,0.0033539745682357337
0.032026130340145925,1,0.032026130340145925
0.018369771960991082,1,0.018369771960991082
0.053800918567346638,1,0.053800918567346638
0.081059988051477086,2,-0.056262267847906777
0.073474118499889537,2,-0.007732718912852779
0.092680654868697615,2,-0.025192911557083735
0.025243918329834362,1,0.025243918329834362
0.057083461564895799,1,0.057083461564895799
0.019176972432540039,1,0.019176972432540039
0.024243765545354325,1,0.024243765545354325
0.031802858951790358,1,0.031802858951790358
0.020743880320698176,1,0.020743880320698176
0.072186655387588394,2,-0.10409878804640051
0.069851106424984571,1,0.069851106424984571
0.066398865657710388,2,-0.053598080177512053
0.041666122080800096,2,0.010457786249542187
0.04794971525700259,1,0.04794971525700259
0.058119341968038335,1,0.058119341968038335
0.077524634008993884,1,0.077524634008993884
0.18167253601593214,2,0.012950067292871471
0.13352245966818679,2,-0.00077351943964750738
0.044292409948047264,1,0.044292409948047264
0.043589302864338812,1,0.043589302864338812
0.046196518115972793,1,0.046196518115972793
0.022755588302323122,1,0.022755588302323122
0.062304452070693364,2,-0.00011255644895233987
0.013996805063967515,1,0.013996805063967515
0.019140462821636429,2,-0.062396998297392717
0.05391084978897559,2,-0.018207117033552298
0.054753026253893396,2,0.013272288320548836
0.12465953930530944,2,-0.081830559343800985
0.13079227918331363,2,0.010904715933665661
0.082913011166348596,2,-0.066962110450255574
0.015712402050842563,1,0.015712402050842563
0.0017117041035659137,1,0.0017117041035659137
0.0051957393399545753,1,0.0051957393399545753
0.065610903487815356,1,0.065610903487815356
0.016625821142982569,1,0.016625821142982569
0.035457234388753416,1,0.035457234388753416
0.013079873082028603,1,0.013079873082028603
0.030650230587908115,1,0.030650230587908115
0.010094826198057551,2,0.0042282238455311674
0.077604884151104142,2,0.090835524120081154
0.0031186864030400339,1,0.0031186864030400339
0.025221062948686337,2,-0.028100437307279059
0.042203744250068675,3,-0.014685299777923062
0.033295330442012237,1,0.033295330442012237
0.025546431183174872,1,0.025546431183174872
0.072266947529773598,1,0.072266947529773598
0.035778346594376585,2,-0.038116594890548576
0.030229907895517466,1,0.030229907895517466
0.054214937948669509,2,-0.028478330452880556
0.030008655573731779,1,0.030008655573731779
0.026736187852347375,1,0.026736187852347375
0.029840065393875015,1,0.029840065393875015
0.0089835432583252207,2,-0.035361714892255654
0.075843086461912582,1,0.075843086461912582
0.024096340253521243,2,-0.012660104611068779
0.023745959149879915,1,0.023745959149879915
0.017552531557165935,1,0.017552531557165935
0.15672065887984857,1,0.15672065887984857
0.045454171780681223,2,-0.0098623987721465738
0.08367579120811626,3,-0.099456910048522598
0.024006328117093405,1,0.024006328117093405
0.16047296227888094,2,0.018149921176397046
0.017876360461821714,1,0.017876360461821714
0.030164862522869169,1,0.030164862522869169
0.068599351147609525,2,-0.18812990097232893
0.052798667666753438,2,0.026006268596734387
0.054504793574184057,1,0.054504793574184057
0.080846037591348938,1,0.080846037591348938
0.060162807818168761,2,0.03379702504436536
0.011433027185321467,1,0.011433027185321467
0.11305222444561394,1,0.11305222444561394
0.064565531818508076,1,0.064565531818508076
0.029604291652803087,1,0.029604291652803087
0.12305320946823706,2,-0.02302273512718505
0.059399604202314243,1,0.059399604202314243
0.044404889494116619,1,0.044404889494116619
0.087983105085047586,3,-0.032485177712265806
0.061362168845922313,2,0.013393618951328274
0.039718692850387885,1,0.039718692850387885
0.026268381133647364,1,0.026268381133647364
0.014483821641970384,1,0.014483821641970384
0.0023433441670170645,1,0.0023433441670170645
0.041814171828300641,2,-0.014510620011325319
0.047206888264405465,2,-0.075411088642744831
0.016546053876085029,1,0.016546053876085029
0.10836008830663285,2,0.010841036661423158
0.088214333143327578,2,-0.017641474297764349
0.04448265120409859,2,-0.016899021348271336
0.071756670315788806,2,0.021544792542022149
0.065731392044830014,1,0.065731392044830014
0.096085248278976632,2,-0.037042099983916901
0.018262850130339313,3,-0.061032341636045012
0.096755542543182416,2,-0.008990615850214722
0.020123381139099318,1,0.020123381139099318
0.062009027654430032,2,0.048456226810580032
0.062166341394220906,2,0.053443232011512617
0.057344655483478224,2,-0.0063477920005370484
0.013713306311803378,1,0.013713306311803378
0.10067703947054113,1,0.10067703947054113
0.0492300960689687,1,0.0492300960689687
0.054744228288586758,1,0.054744228288586758
0.10776524888628604,2,0.022384018880523399
0.097853920677932943,1,0.097853920677932943
0.059719544616689532,1,0.059719544616689532
0.051135474113933779,2,-0.0056245775641963645
0.021124453670226129,1,0.021124453670226129
0.024616835576786646,1,0.024616835576786646
0.023939774338609977,1,0.023939774338609977
0.01609483374397078,2,-0.07983105185645796
0.12866584776229725,2,-0.027437015311089212
0.1424413242855313,2,-0.0036267375297514711
0.11940063645967074,2,-0.0077423800218163379
0.075315419769790448,1,0.075315419769790448
0.10377865971779687,1,0.10377865971779687
0.037652865230837745,1,0.037652865230837745
0.033672241280870575,1,0.033672241280870575
0.041650679717483818,2,0.0076484763376745866
0.080446440624149476,1,0.080446440624149476
0.039560279165684289,1,0.039560279165684289
0.063030002911524025,1,0.063030002911524025
0.039768605060792439,2,-0.0018963351240436487
0.14172017134795611,2,-0.0042070778657821613
0.087310575749309158,2,-0.021343603136483931
0.013195757533947914,1,0.013195757533947914
0.0061736296900030511,2,-0.12593858886039422
0.063253731674418681,2,-0.012191350985633552
0.016365352236276175,1,0.016365352236276175
0.15413897492500697,2,0.0084014967901945639
0.13071272445999138,1,0.13071272445999138
0.08198013146273872,1,0.08198013146273872
0.019497007289091157,1,0.019497007289091157
0.12130737150328409,1,0.12130737150328409
0.062728908303492092,2,-0.011936089100103053
0.051505338916888105,1,0.051505338916888105
0.12889894247544667,2,-0.010828590743144316
0.069871018275774036,2,0.011041967242553626
0.02605676356331799,1,0.02605676356331799
0.093402161010948559,1,0.093402161010948559
0.099131395397255948,2,-0.036616877982971974
0.092387301252700504,3,-0.01633685239260934
0.11120424771656481,2,0.0051173047021142882
0.0021278939168409379,1,0.0021278939168409379
0.044611226121811856,2,-0.028594008649723838
0.026022798394667136,1,0.026022798394667136
0.06355014735284624,2,-0.0045797346417865269
0.00086380780402061578,1,0.00086380780402061578
0.060129485946707202,2,-0.039807036443794179
0.0039872795759345932,1,0.0039872795759345932
0.057656873450104527,2,-0.014838947489059446
0.093317893643285743,2,-0.057076469867226316
0.0990687892436804,2,-0.090026399113739039
0.040168642845422826,2,-0.10186904759656065
0.067544843538274252,2,0.037205010696157455
0.041949561946079766,3,-0.014418345061400049
0.033451731088178727,1,0.033451731088178727
0.092202078470150522,2,-0.012583270414476648
0.10656770112437619,1,0.10656770112437619
0.017098446840603094,2,-0.0006236608300099753
0.13793866116451223,2,-0.033274983328258886
0.02562933063226978,1,0.02562933063226978
0.01961442715089386,1,0.01961442715089386
0.12747306039277786,2,0.00069680889562348601
0.08243354988823326,1,0.08243354988823326
0.0088722711863779107,1,0.0088722711863779107
0.037510174760716802,1,0.037510174760716802
0.0073490750581124368,1,0.0073490750581124368
0.038081740714894736,1,0.038081740714894736
0.019669611672958609,2,-0.087992552779121241
0.05584257836054788,2,-0.021448365119983884
0.1298189456661355,2,0.013921691920794475
0.029644047107666882,1,0.029644047107666882
0.060800736156392872,2,-0.039548655735758546
0.03034957477568705,1,0.03034957477568705
0.050076274068245281,1,0.050076274068245281
0.058828797660729952,2,-0.037920260867197859
0.10745053316071099,2,-0.053396364041321677
0.060367051892466585,1,0.060367051892466585
0.11205816880818861,2,-0.010483808203915722
0.012888215385480564,1,0.012888215385480564
0.02217277187214288,2,-0.00058103637246279048
0.031505450019354425,2,-0.022325084616314911
0.062426738920764474,3,-0.027203791066784486
0.054095363735276625,2,-0.009680344697440205
0.030310611932279598,2,-0.067464054024197695
0.0089073641269093572,2,-0.0084836245101941408
0.014014873875963755,1,0.014014873875963755
0.026067003383258174,2,0.0036582172951724924
0.030150170012066727,2,-0.097150081422285706
0.017984346534051881,4,-0.071036801957525889
0.0090292639363551298,1,0.0090292639363551298
0.032998721005372947,1,0.032998721005372947
0.045786674437558184,2,-0.041986529280431534
0.089888066570022115,2,-0.031825784980146932
0.012712231635666963,1,0.012712231635666963
0.026398028768613423,2,-0.061906908364603115
0.044934686639555653,1,0.044934686639555653
0.074707889341968065,2,-0.011048393433302337
0.011365867449997338,1,0.011365867449997338
0.041594518887363659,1,0.041594518887363659
0.039159338882626384,2,-0.055075649212020718
0.077333926202791253,2,-0.0099042684916248926
0.10483490085558668,1,0.10483490085558668
0.022238454616303565,1,0.022238454616303565
0.060337356607571314,1,0.060337356607571314
0.11607468726252219,2,-0.02236653430393927
0.062505815871144704,1,0.062505815871144704
0.049531988538121671,1,0.049531988538121671
0.078544805753871461,2,-0.024537033167377677
0.10250290808060933,2,-0.012062035001308195
0.056801011548867235,1,0.056801011548867235
0.064738925936426328,2,0.010612363204204401
0.081843721466141453,1,0.081843721466141453
0.08252509940803654,2,-0.069320352024882528
0.052341243909989614,1,0.052341243909989614
0.018924271175325934,1,0.018924271175325934
0.057651258165278753,1,0.057651258165278753
0.061839373263059584,1,0.061839373263059584
0.0097257443677868476,1,0.0097257443677868476
0.028917471010079025,1,0.028917471010079025
0.090477108480638807,2,0.0090175261755505009
0.021701444639982373,2,-0.014472855050973513
0.090060275920157917,1,0.090060275920157917
0.07487850284224,2,0.0085556086130243198
0.10334761658666622,2,0.074754303597515129
0.068768343438645602,1,0.068768343438645602
0.040195282253809021,1,0.040195282253809021
0.054519373390738528,1,0.054519373390738528
0.09636358068957622,2,-0.01106483617543275
0.064846006162129502,1,0.064846006162129502
0.042464947730064033,1,0.042464947730064033
0.03322057704950758,2,-0.0050307950255615982
0.097638426232794909,2,-0.096054983878704051
0.015086819541989299,1,0.015086819541989299
0.021324169408366421,1,0.021324169408366421
0.009481758665723124,1,0.009481758665723124
0.12488171642191152,2,-0.037023884591344813
0.065715486747341373,2,-0.031378243403396913
0.022075134866581358,1,0.022075134866581358
0.089983029605409562,3,-0.049970848519512494
0.02893005169829475,1,0.02893005169829475
0.046758439715438783,1,0.046758439715438783
0.082887468684202145,2,-0.0062947291738084318
0.02853219376665345,1,0.02853219376665345
0.1089180962914521,2,-0.055798305685429393
0.019463881936906489,2,-0.0096821717859355491
0.0096515595996441127,1,0.0096515595996441127
0.086519314956774909,3,0.00077904191066260203
0.033183656313028477,1,0.033183656313028477
0.020509810531584665,2,-0.075357716967371383
0.014622095428333469,1,0.014622095428333469
0.016235470758486123,2,-0.027134647793419606
0.033939351912949979,2,-0.0049647099409818691
0.10308286715600999,3,-0.01646849921259104
0.073709700102141548,1,0.073709700102141548
0.13410407730740459,2,0.035704584535085265
0.031863781579982028,1,0.031863781579982028
0.040087657172890714,1,0.040087657172890714
0.077451381832098612,2,-0.032035593906967703
0.041632230201493828,1,0.041632230201493828
0.066600829257578764,1,0.066600829257578764
0.14413126023408057,2,-0.069711673006433092
0.011899155196709085,1,0.011899155196709085
0.0053951367969618524,2,-0.0518843104441317
0.045325268673052976,2,-0.034133340440115387
0.090865560613833649,1,0.090865560613833649
0.062904600340962069,2,0.012147340232096763
0.035121580213465446,1,0.035121580213465446
0.031236032732607704,1,0.031236032732607704
0.085869912857635497,1,0.085869912857635497
0.042739433875799898,1,0.042739433875799898
0.037162280923557868,2,-0.039504210726272727
0.018367714954097229,1,0.018367714954097229
0.033461569817061262,1,0.033461569817061262
0.01794202774559019,1,0.01794202774559019
0.026867191614454583,1,0.026867191614454583
0.042008610793964909,1,0.042008610793964909
0.070233474863211146,1,0.070233474863211146
0.09460062398262524,2,-0.0042739941341795396
0.023694271672509919,2,-0.010137575931898225
0.03543568659894264,2,-0.00052788048584461085
0.095805904654678545,3,-0.057006972362925311
0.019275884363611905,1,0.019275884363611905
0.032494568657071496,1,0.032494568657071496
0.097152918056688756,3,-0.028874817836804963
0.046687102459405203,1,0.046687102459405203
0.06499507481484755,2,-0.007042148241661432
0.030479655686499588,1,0.030479655686499588
0.0037453679196298001,1,0.0037453679196298001
0.11073511506184913,2,-0.037494001291730049
0.014926242964168675,1,0.014926242964168675
0.034959367441263163,1,0.034959367441263163
0.0054783994857203243,1,0.0054783994857203243
0.070377390388420002,2,-0.0017706906116022551
0.039759275241519267,1,0.039759275241519267
0.028895067423221836,1,0.028895067423221836
0.11566885750742607,2,-0.15000611684492848
0.030449436209644253,1,0.030449436209644253
0.10383955923434679,3,-0.059597253886054115
0.11393680274915217,2,-0.0040953271557025777
0.023298600182508129,1,0.023298600182508129
0.019191008739848196,1,0.019191008739848196
0.03799074777816637,1,0.03799074777816637
0.046652930321593435,1,0.046652930321593435
0.074045537220516169,1,0.074045537220516169
0.04997504378741887,2,0.028043121966034916
0.037581535153855622,1,0.037581535153855622
0.041133924095363102,1,0.041133924095363102
0.092393104241078855,2,-0.035826237811865412
0.070230130093623458,3,-0.04404067039123398
0.12958466730106491,2,0.0020395975499248554
0.079956632071864139,2,0.0029563935051213474
0.095213190701342765,2,-0.0045788383694840441
0.026632406147451989,1,0.026632406147451989
0.016187258656321434,1,0.016187258656321434
0.040166832813019422,3,-0.059568742170556674
0.029629457758837921,1,0.029629457758837921
0.078572201419951956,1,0.078572201419951956
0.038787724185860531,2,0.015738656792375332
0.0057068279711414167,1,0.0057068279711414167
0.058552593803017014,1,0.058552593803017014
0.071531396917070847,2,-0.0067343374564430916
0.037467563594926839,1,0.037467563594926839
0.02221193388175504,1,0.02221193388175504
0.062445958807522031,1,0.062445958807522031
0.060337272290240634,2,0.0019976852658402889
0.066303431295227006,1,0.066303431295227006
0.068583656453226144,1,0.068583656453226144
0.16944414928374371,2,-0.035690853483884094
0.014441198483119165,1,0.014441198483119165
0.04149029932331609,1,0.04149029932331609
0.031748901323866208,2,-0.091083423380784165
0.055868012707889839,1,0.055868012707889839
0.07686122096494799,1,0.07686122096494799
0.063459310713832928,1,0.063459310713832928
0.022888425668554979,2,-0.0033523271424662623
0.036054192596433624,1,0.036054192596433624
0.052866020193193856,1,0.052866020193193856
0.042374545761502631,1,0.042374545761502631
0.10083845242372558,2,-0.0019471811553444676
0.010044507479645798,1,0.010044507479645798
0.15229679806187535,2,0.039754036249258488
0.023859088973871501,1,0.023859088973871501
0.074880963526153727,1,0.074880963526153727
0.064115717286329726,1,0.064115717286329726
0.063209916571925123,2,-0.010753640146263605
0.16313631825163688,3,0.0045425367830311961
0.029264635351876178,1,0.029264635351876178
0.040696573527007618,1,0.040696573527007618
0.015212996444652264,1,0.015212996444652264
0.059046705291557762,1,0.059046705291557762
0.0038951180843292167,1,0.0038951180843292167
0.14966731888287027,2,0.054440185758622445
0.1351266235449699,2,0.0049008291503291179
0.037460670553722153,1,0.037460670553722153
0.034448407373116628,1,0.034448407373116628
0.047081850869672141,1,0.047081850869672141
0.058927054611399042,2,-0.070932502657864063
0.10520910809659356,2,-0.0024831014792845258
0.042110637655228149,1,0.042110637655228149
0.053026770049856571,1,0.053026770049856571
0.05185590806545539,1,0.05185590806545539
0.062548743149515251,2,0.021056954315117265
0.042631870104422868,1,0.042631870104422868
0.017305869438763808,1,0.017305869438763808
0.098777727996560441,2,0.080652368565177671
0.038501245055425251,1,0.038501245055425251
0.17248767256248798,2,0.013343631957285256
0.0084467337349456838,1,0.0084467337349456838
0.02264343058169661,1,0.02264343058169661
0.021832367375712772,1,0.021832367375712772
0.023896267627198965,2,-0.012873907215835444
0.047409885967133053,3,-0.1524876644920041
0.020589881431896211,3,-0.064784384000021164
0.10290771847227388,1,0.10290771847227388
0.05617848003397722,3,-0.018328349684910223
0.012608507864203214,1,0.012608507864203214
0.041785541592324935,1,0.041785541592324935
0.03297293618038652,2,-0.018469576631529649
0.042180933671960387,1,0.042180933671960387
0.089133272016512402,1,0.089133272016512402
0.096351208980850089,2,0.029461661213544998
0.011169694997704049,1,0.011169694997704049
0.031390717109716006,1,0.031390717109716006
0.089726898902445798,2,-0.0062076917225081527
0.12246691951942414,2,-0.082798868418619914
0.011326856184510535,1,0.011326856184510535
0.030666683985174057,1,0.030666683985174057
0.044010573013258746,1,0.044010573013258746
0.0078432200464119538,1,0.0078432200464119538
0.060330078679758238,1,0.060330078679758238
0.029068808073187857,1,0.029068808073187857
0.07160445394823807,2,-0.0081943254550050932
0.030273554457540312,1,0.030273554457540312
0.050304513540812376,2,0.014816927083546753
0.11740813694872794,3,-0.050088708774041514
0.0043830730650561882,1,0.0043830730650561882
0.028229033743234256,1,0.028229033743234256
0.092418445471931135,1,0.092418445471931135
0.038577216828122408,2,-0.016303977687617068
0.0086914213226139507,2,-0.042106545741825305
0.033316445292978857,1,0.033316445292978857
0.052465732804001866,2,-0.060940976292875808
0.10354411074500409,4,0.006184039996140994
0.06008843857324675,2,0.0080170630039071294
0.033330161216743141,1,0.033330161216743141
0.04044915317354271,1,0.04044915317354271
0.046940958722175255,1,0.046940958722175255
0.0078032068092545549,1,0.0078032068092545549
0.0063760639032539885,1,0.0063760639032539885
0.025229388144858818,2,-0.028909757418924376
0.029559115443105011,1,0.029559115443105011
0.055190847502615582,2,-0.023723035486956798
0.044763682969094477,2,0.023095694523975006
0.10244455466665263,2,-0.0057819509378839642
0.022886236054046709,3,-0.030379219592654296
0.094863190387103363,2,-0.017121199691352541
0.12180869685679188,4,0.059201676887981253
0.0059725368129912955,1,0.0059725368129912955
0.064282887763178378,2,-0.049446729774125356
0.068973168541162075,1,0.068973168541162075
0.14754204654693054,2,0.0053390424314363992
0.054137473511825712,1,0.054137473511825712
0.011086853007986102,1,0.011086853007986102
0.0011659892239367982,1,0.0011659892239367982
0.09329702308099766,1,0.09329702308099766
0.0091513790348955928,1,0.0091513790348955928
0.022524758231552002,1,0.022524758231552002
0.055068195184556801,2,0.0047326307151190523
0.018146575594093252,1,0.018146575594093252
0.035978005903097306,1,0.035978005903097306
0.072548965761560613,3,0.0068589169144831529
0.053873195810933271,1,0.053873195810933271
0.042435205153504428,1,0.042435205153504428
0.00059315531540195395,1,0.00059315531540195395
0.10208336577276657,1,0.10208336577276657
0.04256233942478789,1,0.04256233942478789
0.035885761266392882,2,-0.086300113305896056
0.0079301218238785765,1,0.0079301218238785765
0.0344694064367249,1,0.0344694064367249
0.055435315197511832,2,-0.018812316238112355
0.026942292647747897,1,0.026942292647747897
0.071893733862124429,1,0.071893733862124429
0.068906234711500022,1,0.068906234711500022
0.026209657377373952,1,0.026209657377373952
0.079269815054268472,2,-0.051648507187835917
0.080802126281782835,1,0.080802126281782835
0.03035117382213607,1,0.03035117382213607
0.018015968164411367,1,0.018015968164411367
0.012903245293313567,1,0.012903245293313567
0.081850456126079413,1,0.081850456126079413
0.029575658192504652,2,-0.061628560846875832
0.048172463552826644,1,0.048172463552826644
0.046434214895844768,2,0.0086501974466810082
0.066662711948740239,1,0.066662711948740239
0.058921839978706959,2,-0.00028645179502543357
0.045646201344634527,2,-0.055464313640513282
0.039056545875081769,2,-0.013293662457431975
0.050028029891791989,1,0.050028029891791989
0.048176270233930382,1,0.048176270233930382
0.0075233799609075499,1,0.0075233799609075499
0.072394161546718086,1,0.072394161546718086
0.0054398214752996625,1,0.0054398214752996625
0.054166707237147289,2,-0.12373386180377914
0.0036046014348560477,1,0.0036046014348560477
0.07468115344321663,1,0.07468115344321663
0.014951369381372205,1,0.014951369381372205
0.1142599806271299,2,-0.0095432891388380816
0.063643681925750123,2,-0.0091529733366481174
0.069976914685797156,2,-0.0077608119240183881
0.013432641330835677,1,0.013432641330835677
0.026962147558912786,1,0.026962147558912786
0.17292894996322039,2,-0.020277926915402814
0.010349013557550333,1,0.010349013557550333
0.059906833217445395,1,0.059906833217445395
0.0071445820609143439,1,0.0071445820609143439
0.0050864702409483256,2,0.044578044228875936
0.056283466232182118,1,0.056283466232182118
0.033685717363688167,1,0.033685717363688167
0.023586097366587171,1,0.023586097366587171
0.042381826873538732,1,0.042381826873538732
0.061399193711561828,1,0.061399193711561828
0.16210658037716918,2,-0.0075332199579638253
0.055355954248600195,2,-0.020673064573017132
0.076168801566311825,2,-0.058420732086911356
0.12295322635268623,2,0.017567345770417787
0.030206808371690028,1,0.030206808371690028
0.060790952055952259,1,0.060790952055952259
0.068127992692474965,3,-0.0075513187551560883
0.025525642836643551,1,0.025525642836643551
0.041610091131045225,1,0.041610091131045225
0.020162481235096206,1,0.020162481235096206
0.080358564058654575,2,-0.023735336877815025
0.01629921327352259,2,-0.024723022467591605
0.027353884173245958,1,0.027353884173245958
0.098798380612813499,1,0.098798380612813499
0.048730532969226761,2,-0.1420589038950234
0.11877115891066783,2,0.029874013616569928
0.04520282012716436,1,0.04520282012716436
0.042023827307930625,1,0.042023827307930625
0.030272942712609437,1,0.030272942712609437
0.048371430680107956,1,0.048371430680107956
0.025400400111891475,1,0.025400400111891475
0.0096854058777070262,1,0.0096854058777070262
0.078857560541255547,2,0.062705949076304307
0.095345279603294752,1,0.095345279603294752
0.085352684573397106,1,0.085352684573397106
0.10772937039703565,3,-0.06502931789870596
0.15304743156874062,4,-0.013887628398937922
0.072943747736654685,2,-0.001564314529197762
0.15039545894081613,2,0.013747045654167256
0.11711984101094554,2,-0.024982404703625585
0.064083288683865133,1,0.064083288683865133
0.066759290280400702,1,0.066759290280400702
0.018653358012937708,1,0.018653358012937708
0.046647016237508387,1,0.046647016237508387
0.092306228962867443,2,-0.034394600298987332
0.0037636166542578432,1,0.0037636166542578432
0.06394193173587262,1,0.06394193173587262
0.037728064528266193,1,0.037728064528266193
0.031622680401082959,2,-0.0064043356454492988
0.036154148779668757,1,0.036154148779668757
0.039668742691142983,1,0.039668742691142983
0.017476275013418838,1,0.017476275013418838
0.02395324031140782,2,-0.10073980870938629
0.04963258276180775,2,-0.0010290377375825771
0.023038013318141311,1,0.023038013318141311
0.0067060272615536874,1,0.0067060272615536874
0.028015882118807681,2,-0.060722432481622228
0.073491929059366787,2,-0.0014196970876102098
0.023152412112542944,1,0.023152412112542944
0.069263859188966118,1,0.069263859188966118
0.059378576785652552,1,0.059378576785652552
0.2116822129992697,3,0.037909769350551278
0.02808108372069824,1,0.02808108372069824
0.039629203859831263,1,0.039629203859831263
0.047985448058882975,1,0.047985448058882975
0.040197250718090605,2,-0.0018980610479780817
0.034036804034467641,1,0.034036804034467641
0.019204782981379887,1,0.019204782981379887
0.08225326033902472,1,0.08225326033902472
0.043261585263456151,2,-0.024082185536930947
0.031634465177128104,1,0.031634465177128104
0.037138358528369157,2,-0.018451585541936797
0.0077628846078563168,2,-0.0049255885054257697
0.10447909001452624,2,-0.0065543253501072381
0.074673706414726163,1,0.074673706414726163
0.01040521352385418,1,0.01040521352385418
0.039439219323628663,1,0.039439219323628663
0.0045738372589052114,1,0.0045738372589052114
0.022453923375993223,1,0.022453923375993223
0.036905314728387657,1,0.036905314728387657
0.028568924009288916,1,0.028568924009288916
0.07200711404613043,1,0.07200711404613043
0.030896263457614596,1,0.030896263457614596
0.038930493064923404,1,0.038930493064923404
0.027494729584365503,1,0.027494729584365503
0.082407657693054484,2,0.06773829496782538
0.043762772966150783,1,0.043762772966150783
0.081527844804965763,2,-0.048270956813989102
0.1268839972504795,2,-0.026430118334456718
0.049373307288463543,1,0.049373307288463543
0.018851355665819695,1,0.018851355665819695
0.027614260800745978,1,0.027614260800745978
0.027864685629098017,1,0.027864685629098017
0.17027341803881246,3,-0.012583080645227718
0.066492969601158927,1,0.066492969601158927
0.15129623730124553,3,-0.055213757249354026
0.039537916693441325,1,0.039537916693441325
0.063318477055359659,2,-0.006350245029601311
0.0071053531401616523,1,0.0071053531401616523
0.18221329943759154,2,0.012610867797390292
0.11731878828220292,2,-0.011923547183026555
0.11123432345632267,1,0.11123432345632267
0.043055513379392674,1,0.043055513379392674
0.17683937202444383,2,0.015066944491514776
0.024825434509246302,1,0.024825434509246302
0.0072400820086018806,1,0.0072400820086018806
0.025650411757320427,1,0.025650411757320427
0.04903582676362455,1,0.04903582676362455
0.0037894286501715304,1,0.0037894286501715304
0.023800381858815101,1,0.023800381858815101
0.048155498261391684,1,0.048155498261391684
0.026077045947609609,1,0.026077045947609609
0.028297210571915692,1,0.028297210571915692
0.054183398162353492,1,0.054183398162353492
0.010104549708477977,1,0.010104549708477977
0.078890131209724254,2,-0.063748506475585387
0.049731343883763261,1,0.049731343883763261
0.073900665294224011,1,0.073900665294224011
0.033872965998802178,1,0.033872965998802178
0.051180695742109233,1,0.051180695742109233
0.052017153626662267,2,0.0090492837451989494
0.046116551272879926,2,-0.004020829114236772
0.020759384905361451,1,0.020759384905361451
0.031946378194323846,1,0.031946378194323846
0.067410292375578454,2,-0.083527590027822618
0.078530283696102848,1,0.078530283696102848
0.0017379452557938514,1,0.0017379452557938514
0.020881168719350272,1,0.020881168719350272
0.052489019636669604,2,-0.017675311046652528
0.023877801113723028,1,0.023877801113723028
0.033820527158191976,2,0.016278234030075465
0.0048388896047058313,1,0.0048388896047058313
0.0063849938817939402,1,0.0063849938817939402
0.043799072069929612,1,0.043799072069929612
0.0025981943547873278,1,0.0025981943547873278
0.077236148267964141,2,-0.0048753687077272801
0.029536403152960165,1,0.029536403152960165
0.076983458915612965,1,0.076983458915612965
0.044008056734359084,1,0.044008056734359084
0.079374346844868868,2,0.0042594120102529354
0.058332402433212673,2,-0.072208405707411827
0.068443226910198968,1,0.068443226910198968
0.061479543169621793,1,0.061479543169621793
0.037305949050313252,1,0.037305949050313252
0.079248366328030437,2,-0.022972181466232523
0.10500645778949796,1,0.10500645778949796
0.025156924119123056,1,0.025156924119123056
0.013026337954441277,1,0.013026337954441277
0.011571838407092363,2,-0.0134455296230443
0.033469050506734412,1,0.033469050506734412
0.096342710458192579,2,-0.15458319443793034
0.051301397608506834,1,0.051301397608506834
0.020905857162925645,1,0.020905857162925645
0.018854961243284209,1,0.018854961243284209
0.09783244774725125,2,-0.002009484410737531
0.013956271703596246,1,0.013956271703596246
0.06078679865819106,2,-0.058438637424091174
0.046409144663686598,1,0.046409144663686598
0.09349086073149368,3,-0.057118747199599397
0.12735840883396113,3,-0.0088179915755420574
0.086884715413027877,2,0.0041495498535128071
0.097577160437915686,2,-0.13323343440644814
0.076115738287121287,1,0.076115738287121287
0.028433410838582591,2,-0.014201535922019334
0.022800859400914208,1,0.022800859400914208
0.032426316690925723,1,0.032426316690925723
0.029711310307366522,1,0.029711310307366522
0.068180642883245907,1,0.068180642883245907
0.11849641252157488,3,-0.0044671099897372248
0.038175381075636651,1,0.038175381075636651
0.047275421055329135,2,-0.1518746678573647
0.016272514691922254,1,0.016272514691922254
0.029886870601486967,2,0.0045277127600133514
0.094948076402501039,2,0.0039947553731473542
0.025520175573944506,1,0.025520175573944506
0.13100840878896444,2,-0.0042013019388252148
0.076151191979413252,2,-0.0017120442179300913
0.01759642406494389,1,0.01759642406494389
0.1546155628226473,2,0.011072887827574466
0.048265733397552024,2,-0.088120717506744023
0.066137453579043673,2,0.014802854014645744
0.069828018729873959,1,0.069828018729873959
0.0069906368536379404,1,0.0069906368536379404
0.031037589583847936,2,0.048837839572293547
0.023633709740380569,1,0.023633709740380569
0.096774000311848435,2,-0.0095505591188067025
0.085246477481767433,2,-0.045473785101702718
0.0050555889263697706,1,0.0050555889263697706
0.020881671738036504,1,0.020881671738036504
0.068980297953655886,1,0.068980297953655886
0.050498112102043309,2,-0.001213358637770663
0.0190812956198653,1,0.0190812956198653
0.021650126360413115,2,-0.0086575185120029673
0.026423555943118533,2,-0.019523341866125889
0.069741828697408456,1,0.069741828697408456
0.015054069127544114,1,0.015054069127544114
0.063800585436297602,2,-0.0059034199046300237
0.14093283508476218,3,-0.009969144701108542
0.013822556981969009,1,0.013822556981969009
0.044025090469362496,1,0.044025090469362496
0.056861568891505197,1,0.056861568891505197
0.020472419844098366,1,0.020472419844098366
0.019740369171158328,1,0.019740369171158328
0.014910954961111372,1,0.014910954961111372
0.021307643916672166,1,0.021307643916672166
0.017048994609049715,1,0.017048994609049715
0.029952851593935972,2,-0.0032143911487827938
0.0043815563008860504,1,0.0043815563008860504
0.052957717961332224,2,-0.022492209999899836
0.040204362256673641,1,0.040204362256673641
0.033828423126319514,2,-0.021096330356996262
0.045812612362626508,2,0.012589821900574468
0.038715320441501069,1,0.038715320441501069
0.10375504241810021,2,0.017177146428337547
0.030358698811886638,1,0.030358698811886638
0.12263932256309017,3,0.018456600112808624
0.083373064619396864,2,0.0040663304922255354
0.012591047337745595,1,0.012591047337745595
0.027069224003332327,2,-0.14439159441053581
0.10582499980503031,3,-0.014540611669005358
0.05503688497522867,1,0.05503688497522867
0.062187004563177835,2,-0.060560118681341223
0.0010890259946868717,2,-0.09569117422070611
0.013105649565738538,1,0.013105649565738538
0.054868815459808318,1,0.054868815459808318
0.0034385940731098681,1,0.0034385940731098681
0.063871751411923861,1,0.063871751411923861
0.041056439831808726,1,0.041056439831808726
0.078556576624133276,1,0.078556576624133276
0.016298068862269054,1,0.016298068862269054
0.03054944730220983,1,0.03054944730220983
0.038936224909196578,1,0.038936224909196578
0.034788451601670441,2,-0.038050288770603839
0.024400752322891274,1,0.024400752322891274
0.028218191337301694,1,0.028218191337301694
0.047408607908530832,1,0.047408607908530832
0.033381094191013379,2,-0.037651617541232349
0.080686802992536943,1,0.080686802992536943
0.04603998644100591,2,-0.037861392688103165
0.14553601731999641,2,0.012918333989579147
0.032181967987341416,1,0.032181967987341416
0.0054693313060424804,1,0.0054693313060424804
0.049256650887733712,1,0.049256650887733712
0.027030499805138979,2,0.016951532866075647
0.031959539612195526,1,0.031959539612195526
0.060768350288485845,2,0.038234178286182571
0.011555606845026725,1,0.011555606845026725
0.004693497366308144,1,0.004693497366308144
0.047154444771280245,1,0.047154444771280245
0.095565470544581713,2,-0.060009746291349086
0.046099019863656235,2,0.038000667378521799
0.083262335156883249,1,0.083262335156883249
0.040448971431541497,1,0.040448971431541497
0.034097564122608781,1,0.034097564122608781
0.11024351520228595,2,-0.014538817611108654
0.0078579259575027073,1,0.0078579259575027073
0.081430566430075471,3,-0.1448519336810469
0.017314108725111951,1,0.017314108725111951
0.019803636145916667,3,-0.093332227535547319
0.036588533678631706,1,0.036588533678631706
0.073409334128166429,2,-0.047537092744388103
0.097171186904914331,1,0.097171186904914331
0.034874195513686965,1,0.034874195513686965
0.021827081356033885,2,-0.0084113821035300233
0.079199139047322745,2,-0.0038374027135814302
0.058293152553638115,1,0.058293152553638115
0.10965069904937715,1,0.10965069904937715
0.084959592323577471,2,0.0041959822307786479
0.018178344497500699,1,0.018178344497500699
0.026341452812103771,1,0.026341452812103771
0.11368240613353428,2,-0.015774297494849685
0.016196375317556827,1,0.016196375317556827
0.056043386168158044,1,0.056043386168158044
0.051902686052585661,1,0.051902686052585661
0.085809498744342197,1,0.085809498744342197
0.07626877563000041,4,-0.13570988484051488
0.025893345056900739,1,0.025893345056900739
0.032477913772532035,2,0.024940530258601639
0.044584520818547739,1,0.044584520818547739
0.023016541411523025,1,0.023016541411523025
0.066028356621895434,1,0.066028356621895434
0.028701366943294889,1,0.028701366943294889
0.0660318268649773,2,-0.054936987577363643
0.093895483057558501,1,0.093895483057558501
0.045656079605307744,1,0.045656079605307744
0.034615439679097831,1,0.034615439679097831
0.04685431246214606,1,0.04685431246214606
0.04339058624171975,2,0.012122945980294413
0.057212344944242551,2,-0.00040700810852433084
0.021099202257977942,1,0.021099202257977942
0.022297158101010132,2,-0.0068811723370177432
0.049245448074625477,1,0.049245448074625477
0.028062224921562892,1,0.028062224921562892
0.034174742491257931,1,0.034174742491257931
0.058653173415919246,1,0.058653173415919246
0.05756443173802045,2,-0.029221266467091139
0.036050895813393297,3,-0.092450369831920037
0.03803266758894553,2,-0.030223949464967828
0.052029815264505112,1,0.052029815264505112
0.043065079787429905,2,0.00052215299128537205
0.065314009724824693,1,0.065314009724824693
0.022930172820199553,1,0.022930172820199553
0.16762115230967928,2,0.025420405887241551
0.045912910690148301,1,0.045912910690148301
0.07220173968395939,1,0.07220173968395939
0.051740511609637337,1,0.051740511609637337
0.01402273430491034,1,0.01402273430491034
0.059786929567166844,1,0.059786929567166844
0.0868462205735753,1,0.0868462205735753
0.052427614367132079,1,0.052427614367132079
0.007027306763487254,1,0.007027306763487254
0.16615463064652236,2,0.032903495208243205
0.015691876972512155,1,0.015691876972512155
0.09726088611874445,2,-0.016288744799555461
0.007359212021196662,1,0.007359212021196662
0.025595218191899465,2,-0.0078310110545914743
0.015189816069376973,1,0.015189816069376973
0.084692150767416388,2,-0.0038872635441389827
0.020951266825607412,1,0.020951266825607412
0.010721041696587054,1,0.010721041696587054
0.089627955976602419,2,-0.0080114932645266018
0.009200456595442566,1,0.009200456595442566
0.072635410242947465,1,0.072635410242947465
0.085292899332056152,1,0.085292899332056152
0.046455369217293666,1,0.046455369217293666
0.13186209467373605,2,0.029524278752010295
0.036454511535303678,2,-0.13687132772006358
0.015105490221584965,3,-0.089318654549708304
0.042801700809344236,2,-0.027668601520654187
0.077754240926556431,1,0.077754240926556431
0.081054977871966333,1,0.081054977871966333
0.015333777110100248,1,0.015333777110100248
0.030173059424697064,2,-0.00061126063229249438
0.0076399809928020543,2,-0.020863909974461119
0.19257432084393836,2,0.0076839858339824907
0.0068048783456494261,1,0.0068048783456494261
0.13824718956910265,2,-0.042445868110830558
0.041853101699623758,1,0.041853101699623758
0.029008362397505132,1,0.029008362397505132
0.12535144977566975,2,0.0030051556628489617
0.082740058263205407,2,-0.075703500799099002
0.041677436380953385,1,0.041677436380953385
0.0022812879130501636,1,0.0022812879130501636
0.022726072377360941,1,0.022726072377360941
0.032247910195648398,2,-0.018217846045900033
0.04251581234348676,1,0.04251581234348676
0.043350308176230895,1,0.043350308176230895
0.035086229561086424,2,-0.01476022844022302
0.047469676428655627,1,0.047469676428655627
0.030721227956346586,1,0.030721227956346586
0.096047830030656964,1,0.096047830030656964
0.086638637411260461,2,0.0020056921026504948
0.10122794697976757,3,-0.021429304621791597
0.061863444923134295,2,-0.054710382637112469
0.072534166829621508,2,-0.00076279231209464709
0.04605168737877615,1,0.04605168737877615
0.0061712552080918723,2,-0.070947682380264998
0.045167502528949501,1,0.045167502528949501
0.020457504766846591,1,0.020457504766846591
0.016928598697902537,1,0.016928598697902537
0.0062626165088715156,1,0.0062626165088715156
0.054465105890269642,2,0.010402294564122972
0.049880625219934596,2,-0.039647132662016242
0.1340732441006231,2,0.017212246202006329
0.10520498608050854,2,-0.034366400750318542
0.021794796051958283,1,0.021794796051958283
0.079969396962703179,1,0.079969396962703179
0.06888148540746801,2,-0.0004398257387836403
0.084108379135310996,2,-0.0023048327211530996
0.025304567753647707,2,-0.021592993014102085
0.0041272618854314462,1,0.0041272618854314462
0.078536293227433801,2,-0.053851238910142402
0.027974933948625175,2,-0.019890029290803201
0.055485667584696551,2,0.02774436061346696
0.053725560986844167,1,0.053725560986844167
0.015006800094902637,1,0.015006800094902637
0.055462778245774849,2,-0.039313505393980555
0.0085358679538564564,1,0.0085358679538564564
0.022966979111137618,1,0.022966979111137618
0.050036806412764791,1,0.050036806412764791
0.0317844664592404,1,0.0317844664592404
0.041863579680109536,1,0.041863579680109536
0.003584198136183945,1,0.003584198136183945
0.042759487188873624,1,0.042759487188873624
0.03176713524703343,1,0.03176713524703343
0.04727298930339182,1,0.04727298930339182
0.043469877328827171,2,0.0084066795479446239
0.031244308342916076,1,0.031244308342916076
0.01364586643648362,1,0.01364586643648362
0.041609398691440917,1,0.041609398691440917
0.056249727023618357,1,0.056249727023618357
0.020438261914795555,1,0.020438261914795555
0.07367283101006411,2,0.042056900501797279
0.032247941537548813,1,0.032247941537548813
0.082738582559639118,2,-0.036494245068511955
0.024297138914566294,1,0.024297138914566294
0.062783032376865708,1,0.062783032376865708
0.048196452159355724,1,0.048196452159355724
0.041761872205954301,2,-0.071142820553488029
0.1245439440346882,2,0.054208312453141255
0.033904898817772131,2,-0.076289320059060903
0.074321012993727967,2,-0.07132610063792244
0.084191959228738608,2,0.045859947353853105
0.055512425575302241,2,-0.13030190916948842
0.0060383470002219244,1,0.0060383470002219244
0.057426637323779312,2,-0.0035548979386950848
0.10351772736210491,2,0.025947882557983439
0.021181645507485178,1,0.021181645507485178
0.023001414946516495,1,0.023001414946516495
0.025463538668966456,2,-0.022389132452890346
0.11696173541305648,3,-0.013699750343282982
0.081329316763123771,2,0.054562455889884273
0.044758307265982553,2,-0.009003632232919459
0.036659083279502007,2,-0.10352476541234651
0.040037911895529292,1,0.040037911895529292
0.063375830037586622,2,0.061275248627649818
0.02412762294519134,1,0.02412762294519134
0.020107395992842326,1,0.020107395992842326
0.09828468142591508,2,0.0075999042839980449
0.01725978536536469,1,0.01725978536536469
0.126540781928874,3,-0.10673357653656744
0.025629420291358125,1,0.025629420291358125
0.036789449296230743,1,0.036789449296230743
0.060978163657080746,1,0.060978163657080746
0.017163062715481733,1,0.017163062715481733
0.01849573475534343,1,0.01849573475534343
0.038295226924420944,1,0.038295226924420944
0.012017405659932999,1,0.012017405659932999
0.037471753325349043,2,0.0054821465586285213
0.035808355473061264,1,0.035808355473061264
0.077718239217395915,1,0.077718239217395915
0.11612264232927218,2,-0.0045027908025216425
0.049515322913434835,1,0.049515322913434835
0.010397374427999106,1,0.010397374427999106
0.03907076502950748,1,0.03907076502950748
0.036766719437663409,2,-0.038036216777026982
0.023213024847360614,1,0.023213024847360614
0.019619393171506593,1,0.019619393171506593
0.010489350840382456,1,0.010489350840382456
0.08042946568049654,1,0.08042946568049654
0.032502880193015629,2,-0.0059874661857818
0.015304354820439132,1,0.015304354820439132
0.039832674721565958,1,0.039832674721565958
0.051724146844244964,1,0.051724146844244964
0.033173726375057895,1,0.033173726375057895
0.060359742250101177,1,0.060359742250101177
0.11006887942608401,2,-0.0046723865101621275
0.060363051351497853,1,0.060363051351497853
0.094189611769907991,2,-0.03897110771646696
0.10097189035187126,2,0.013788655618247315
0.10654963161700653,2,0.025664499317194351
0.011145094014592155,1,0.011145094014592155
0.033568162401644619,1,0.033568162401644619
0.1498542928383369,2,0.044111809341134643
0.10528471677345586,2,-0.005109680432025007
0.042729876559735605,1,0.042729876559735605
0.12460585308086426,2,0.0032313935615275887
0.12267089448838242,2,-0.013284100510527233
0.026154351286227284,1,0.026154351286227284
0.031351258352472697,1,0.031351258352472697
0.089124562325042941,1,0.089124562325042941
0.036084527973099266,1,0.036084527973099266
0.06564160963664939,1,0.06564160963664939
0.089179862935511334,2,-0.028256269621280954
0.013479591600037972,1,0.013479591600037972
0.082950843350554027,2,-0.017046174103974635
0.069907037798412133,1,0.069907037798412133
0.07646032008474575,1,0.07646032008474575
0.011208966660837996,3,-0.044973538128269056
0.021740682079078623,1,0.021740682079078623
0.02514507586061145,1,0.02514507586061145
0.16758023389558624,2,-0.0030955155188616304
0.059815309966285264,2,-0.048442407092531101
0.0373957293313497,1,0.0373957293313497
0.033736713262874897,1,0.033736713262874897
0.022170019315196306,1,0.022170019315196306
0.090337244821136226,2,-0.0086660170334568864
0.03062580666098268,1,0.03062580666098268
0.0010944143143380692,1,0.0010944143143380692
0.025095172781301221,1,0.025095172781301221
0.036988812626898078,1,0.036988812626898078
0.040567557600038391,1,0.040567557600038391
0.110898422069117,2,-0.087798460415249788
0.049981007458032738,2,-0.0779743352182099
0.020976969828659046,1,0.020976969828659046
0.03630451725427486,2,-0.045451102927086942
0.053012071350536628,1,0.053012071350536628
0.060517939994074073,2,0.023476999402818877
0.042198748315451153,1,0.042198748315451153
0.028626190791492492,2,-0.062051778275290424
0.052039328758770043,2,0.060059270461574964
0.039079635485995017,1,0.039079635485995017
0.013036145579118854,1,0.013036145579118854
0.054168989150981235,2,-0.01399844267877918
0.065594182043179752,2,-0.015704675770362161
0.046517914628955652,1,0.046517914628955652
0.025628176423499131,1,0.025628176423499131
0.02526218040477542,1,0.02526218040477542
0.05128066090456633,2,-0.1076853733996333
0.037741653595005163,1,0.037741653595005163
0.059430385267227701,1,0.059430385267227701
0.044594008655200683,1,0.044594008655200683
0.036470698896926688,1,0.036470698896926688
0.03372912411326473,1,0.03372912411326473
0.011733303650290244,1,0.011733303650290244
0.11026106188262665,3,0.00025853853085878033
0.0050639552927386417,1,0.0050639552927386417
0.087876020403896013,2,-0.016552067655582543
0.063152580968214495,1,0.063152580968214495
0.099271869783130115,2,0.020382840750559378
0.20348052794299282,2,0.035350260234744982
0.069099197805850054,2,-0.11060870614134627
0.08063270378486033,2,0.0031024107899165318
0.093312345525537729,2,-0.027193278182719587
0.01537353774782226,1,0.01537353774782226
0.042690582270496699,2,-0.087170850929340474
0.014935220375730588,1,0.014935220375730588
0.072098623246759599,2,-0.045206657973935672
0.021254482461958164,1,0.021254482461958164
0.025776623327089784,3,-0.098517207327649736
0.048041155926512799,1,0.048041155926512799
0.033601030989219363,2,-0.079674992530226862
0.049431454111819491,1,0.049431454111819491
0.061188902692283734,2,-0.062773254610713425
0.033769151455336786,1,0.033769151455336786
0.03741641707799824,2,0.00738865022498597
0.010924582099528469,1,0.010924582099528469
0.064735809053654544,1,0.064735809053654544
0.048168452909836228,2,0.023608404949948203
0.1834859856168653,2,-0.0036908056607295233
0.042353044809157414,2,-0.031823329209797226
0.14770836207115107,2,0.050730517286058957
0.026189281379506851,1,0.026189281379506851
0.015198830854756014,1,0.015198830854756014
0.059073136159611746,1,0.059073136159611746
0.12088754711148865,2,0.021584682094591318
0.089098181828124831,1,0.089098181828124831
0.038915839895709306,1,0.038915839895709306
0.19282287004062967,4,-0.015120251458271025
0.030936301943640301,1,0.030936301943640301
0.083315924270458211,2,-0.0066784123559799962
0.008033783740218018,1,0.008033783740218018
0.015125149753519142,1,0.015125149753519142
0.042590143318352675,2,-0.03718977517632855
0.046550604974936231,2,-0.020518386252777247
0.049954197458430015,1,0.049954197458430015
0.084973092848733459,1,0.084973092848733459
0.035532940119474596,1,0.035532940119474596
0.068908252819443017,1,0.068908252819443017
0.022257434684692334,1,0.022257434684692334
0.032027288132708304,1,0.032027288132708304
0.027633277163348666,1,0.027633277163348666
0.040421632194867024,1,0.040421632194867024
0.019503544863176195,2,0.016898224752303952
0.0256459781408249,1,0.0256459781408249
0.055131581048171945,1,0.055131581048171945
0.061363743950311675,2,-0.060156226869116765
0.085539613136825884,2,-0.03914114160796385
0.0058971669392012165,1,0.0058971669392012165
0.020978697686544846,2,-0.010582251188507908
0.05474129981419374,1,0.05474129981419374
0.062858461800654061,3,-0.0069957125129877758
0.025658993758373109,2,0.0069399855208971553
0.073547480998023787,2,-0.004426380479161213
0.029582460709785829,1,0.029582460709785829
0.070693246222060455,3,-0.11047657296568554
0.079395032765025769,3,-0.064227312329527997
0.069442835488205304,2,-0.0337263805916748
0.063249595738544717,1,0.063249595738544717
0.019484563552568949,1,0.019484563552568949
0.0079359529374901702,1,0.0079359529374901702
0.052621070836135736,2,-0.037322065096814121
0.04192736943008072,2,0.0034880616822747603
0.035466798238708359,3,-0.057246483978116727
0.0046102289958617412,1,0.0046102289958617412
0.0281613308353523,1,0.0281613308353523
0.080234016108150105,2,-0.035035889019548537
0.011137425389220402,1,0.011137425389220402
0.049487921136293446,1,0.049487921136293446
0.044795369568223033,1,0.044795369568223033
0.065117704732642195,2,-0.060118645006925653
0.042508532462438776,1,0.042508532462438776
0.047457874100633075,1,0.047457874100633075
0.035944886206900638,2,-0.054971658671253455
0.060321248358158608,2,-0.010291970452700446
0.0048119978379001114,2,-0.042385878578467019
0.04842768189355523,1,0.04842768189355523
0.012149313888990095,1,0.012149313888990095
0.098207284666034331,2,-0.013775936082548654
0.084397370516683709,1,0.084397370516683709
0.066339873871037958,2,0.005816392368722988
0.029242823070834936,1,0.029242823070834936
0.027843601243675985,1,0.027843601243675985
0.047586044983938001,1,0.047586044983938001
0.10808377317334623,1,0.10808377317334623
0.048035511554896278,1,0.048035511554896278
0.0035261859702257212,1,0.0035261859702257212
0.088871072180917152,2,0.041393880838808753
0.034707072277022841,1,0.034707072277022841
0.021842290501298198,1,0.021842290501298198
0.035404615893470395,1,0.035404615893470395
0.037294682950069616,1,0.037294682950069616
0.0014018713288171318,1,0.0014018713288171318
0.050648942091591792,2,-0.086987942419284758
0.039896090256332263,1,0.039896090256332263
0.013097571044383695,1,0.013097571044383695
0.031074149422411962,1,0.031074149422411962
0.014617252965781249,3,-0.17355163478289298
0.06149340039414336,3,0.039929214952954629
0.080899773656453552,1,0.080899773656453552
0.068564150722518313,1,0.068564150722518313
0.018533219467045933,1,0.018533219467045933
0.015810756545317717,2,-0.16505468564123843
0.044092018907210907,1,0.044092018907210907
0.045813180575816924,1,0.045813180575816924
0.071242588224132014,1,0.071242588224132014
0.089751597901755895,2,-0.0060282033092210014
0.03611542652605839,2,-0.0070782023253165242
0.077662900108650873,1,0.077662900108650873
0.045504177022495276,1,0.045504177022495276
0.050755012313340571,2,-0.0041784222688732746
0.0011042904964193826,1,0.0011042904964193826
0.025811098888274878,1,0.025811098888274878
0.065089720771276435,2,-0.049371342428897375
0.090039602733885948,1,0.090039602733885948
0.14060427323125949,2,-0.020206321162946465
0.17124441024314696,2,-0.023493413556837893
0.071825091030876295,2,-0.0063299356772159865
0.034927909184590225,1,0.034927909184590225
0.013101754777511021,1,0.013101754777511021
0.046594315513184548,1,0.046594315513184548
0.05003513421283267,1,0.05003513421283267
0.054770006923959863,1,0.054770006923959863
0.093681212128798055,2,0.040733203092989938
0.036229699746292546,1,0.036229699746292546
0.00083161538880794142,1,0.00083161538880794142
0.010256461705938375,1,0.010256461705938375
0.14315534967972365,2,-0.0076073121162311182
0.041344113613203358,2,-0.012341192455930397
0.16976903183605208,2,0.016368361058764932
0.021160605722236575,1,0.021160605722236575
0.019200125691591671,1,0.019200125691591671
0.079189840124900615,2,0.0060105953323571796
0.031536213944635974,1,0.031536213944635974
0.0027880920064588177,1,0.0027880920064588177
0.07190597090391726,2,0.034027074910368035
0.016888447268192535,1,0.016888447268192535
